file,entries,dup_entries,dup_groups,dup_frac
matched_1591_1600.root,2061,1523,396,0.7389616690926735
matched_1691_1700.root,2049,1505,379,0.7345046364080039
matched_1881_1890.root,1760,1292,325,0.7340909090909091
matched_1491_1500.root,2108,1515,413,0.7186907020872866
matched_1831_1840.root,1995,1428,383,0.7157894736842105
matched_1331_1340.root,1955,1384,368,0.7079283887468031
matched_1341_1350.root,2010,1400,396,0.6965174129353234
matched_1071_1080.root,1935,1344,395,0.6945736434108527
matched_1991_2000.root,2176,1506,428,0.6920955882352942
matched_1851_1860.root,1876,1297,392,0.69136460554371
matched_1401_1410.root,2094,1441,417,0.6881566380133716
matched_1171_1180.root,2103,1446,438,0.6875891583452212
matched_1451_1460.root,2120,1454,442,0.6858490566037736
matched_1541_1550.root,2089,1432,410,0.6854954523695548
matched_1081_1090.root,1927,1317,401,0.683445770627919
matched_1861_1870.root,2101,1435,428,0.6830080913850547
matched_1471_1480.root,1998,1364,381,0.6826826826826827
matched_1911_1920.root,1805,1231,383,0.681994459833795
matched_1021_1030.root,1849,1259,377,0.680908599242834
matched_1971_1980.root,2127,1448,443,0.6807710390220969
matched_1871_1880.root,2093,1422,416,0.6794075489727663
matched_1431_1440.root,2082,1414,411,0.6791546589817483
matched_1521_1530.root,2114,1435,423,0.6788079470198676
matched_1781_1790.root,2014,1367,410,0.6787487586891757
matched_1211_1220.root,2034,1379,398,0.6779744346116028
matched_1031_1040.root,2038,1381,412,0.6776251226692837
matched_1681_1690.root,2017,1366,409,0.6772434308378781
matched_1741_1750.root,2059,1393,418,0.6765420106847985
matched_1561_1570.root,2064,1396,428,0.6763565891472868
matched_1161_1170.root,2055,1389,411,0.6759124087591241
matched_1711_1720.root,2108,1424,414,0.6755218216318786
matched_1981_1990.root,2103,1420,444,0.6752258678078935
matched_1281_1290.root,2067,1395,412,0.6748911465892597
matched_1771_1780.root,2112,1425,427,0.6747159090909091
matched_1581_1590.root,2097,1414,419,0.6742966142107774
matched_1961_1970.root,1647,1109,327,0.6733454766241651
matched_1101_1110.root,1872,1260,369,0.6730769230769231
matched_1461_1470.root,2096,1409,423,0.6722328244274809
matched_1811_1820.root,2088,1403,432,0.6719348659003831
matched_1041_1050.root,1857,1247,364,0.6715131933225633
matched_1731_1740.root,2076,1394,426,0.6714836223506744
matched_1791_1800.root,2088,1401,438,0.6709770114942529
matched_1801_1810.root,2036,1365,415,0.6704322200392927
matched_1151_1160.root,2098,1404,416,0.669208770257388
matched_1131_1140.root,2022,1352,423,0.66864490603363
matched_1641_1650.root,2005,1339,406,0.6678304239401496
matched_1511_1520.root,1968,1312,398,0.6666666666666666
matched_1441_1450.root,2068,1378,402,0.6663442940038685
matched_1321_1330.root,2059,1372,417,0.6663428848955804
matched_1271_1280.root,2035,1354,407,0.6653562653562654
matched_1721_1730.root,1993,1324,400,0.6643251379829402
matched_1611_1620.root,2051,1362,411,0.6640663091175036
matched_1601_1610.root,2077,1379,419,0.6639383726528647
matched_1241_1250.root,2021,1341,399,0.6635329045027214
matched_1141_1150.root,2044,1356,410,0.6634050880626223
matched_1011_1020.root,1805,1195,364,0.6620498614958449
matched_1631_1640.root,2008,1328,412,0.6613545816733067
matched_1381_1390.root,2021,1336,392,0.661058881741712
matched_1841_1850.root,2042,1349,420,0.6606268364348677
matched_1221_1230.root,2044,1350,405,0.6604696673189824
matched_1291_1300.root,2028,1338,412,0.6597633136094675
matched_1931_1940.root,2057,1357,393,0.6596985901798736
matched_1361_1370.root,1951,1285,385,0.6586365966171194
matched_1951_1960.root,2056,1354,415,0.6585603112840467
matched_1201_1210.root,1924,1266,402,0.658004158004158
matched_1261_1270.root,2026,1333,409,0.6579466929911155
matched_1651_1660.root,1992,1309,406,0.6571285140562249
matched_1111_1120.root,1916,1258,376,0.6565762004175365
matched_1251_1260.root,2022,1327,403,0.6562809099901088
matched_1051_1060.root,1787,1172,341,0.6558477895914941
matched_1391_1400.root,2041,1336,420,0.6545810877021068
matched_1551_1560.root,2022,1323,401,0.6543026706231454
matched_1301_1310.root,2008,1312,394,0.6533864541832669
matched_1181_1190.root,1933,1261,379,0.652353854112778
matched_1921_1930.root,1774,1157,350,0.6521984216459977
matched_1751_1760.root,1981,1292,392,0.6521958606764261
matched_1061_1070.root,2043,1330,410,0.6510034263338228
matched_1901_1910.root,2054,1335,403,0.6499513145082765
matched_1701_1710.root,1984,1289,385,0.6496975806451613
matched_1501_1510.root,1983,1288,395,0.6495209278870399
matched_1481_1490.root,2057,1336,400,0.6494895478852698
matched_1421_1430.root,1991,1293,395,0.6494224008036162
matched_1941_1950.root,1775,1147,347,0.6461971830985915
matched_1411_1420.root,2107,1360,414,0.6454674893213099
matched_1001_1010.root,1791,1154,354,0.6443327749860414
matched_1231_1240.root,1961,1263,398,0.6440591534931157
matched_1531_1540.root,1978,1273,385,0.6435793731041456
matched_1191_1200.root,1968,1265,397,0.6427845528455285
matched_1761_1770.root,1940,1246,391,0.6422680412371135
matched_1821_1830.root,2010,1289,381,0.6412935323383084
matched_1121_1130.root,1923,1233,380,0.641185647425897
matched_1351_1360.root,1965,1259,388,0.6407124681933842
matched_1371_1380.root,1994,1277,406,0.6404212637913741
matched_1571_1580.root,1936,1237,372,0.6389462809917356
matched_1311_1320.root,1901,1213,377,0.6380852183061546
matched_1671_1680.root,1887,1204,365,0.6380498145204028
matched_1621_1630.root,1923,1226,373,0.6375455018200729
matched_1091_1100.root,1895,1205,364,0.6358839050131926
matched_1891_1900.root,1768,1119,332,0.6329185520361991
matched_1661_1670.root,1870,1178,355,0.6299465240641712
