model,dataset,seed,split,true_energy,pred_energy,pred_bias,region,region_name,ET
SubEnsembleTTA,minbias,-1,test,10.952603,10.629660555363028,-0.02948548164819298,3,60mm,1.9595431
SubEnsembleTTA,minbias,-1,test,20.60975,20.213632007178646,-0.01921996754602162,4,120mm,4.6368876
SubEnsembleTTA,minbias,-1,test,35.08628,35.49417409520295,0.011625434867537088,2,40mm,2.7007732
SubEnsembleTTA,minbias,-1,test,60.275356,60.07341507839412,-0.003350311416655427,1,30mm,4.9840574
SubEnsembleTTA,minbias,-1,test,18.26219,14.80013940526114,-0.1895747709022011,2,40mm,2.358668
SubEnsembleTTA,minbias,-1,test,9.628807,9.798598887284385,0.01763373367193566,3,60mm,1.5727898
SubEnsembleTTA,minbias,-1,test,54.079956,54.34392751190787,0.00488113298304893,0,15mm,1.6522843
SubEnsembleTTA,minbias,-1,test,14.233539,16.860114152580273,0.18453426050062438,3,60mm,2.2476623
SubEnsembleTTA,minbias,-1,test,86.523186,85.13569415164558,-0.016036066710083285,0,15mm,3.125369
SubEnsembleTTA,minbias,-1,test,66.29279,67.35392669524695,0.01600676889471986,1,30mm,2.895972
SubEnsembleTTA,minbias,-1,test,23.08814,22.223476397329996,-0.03745057298151122,2,40mm,3.687252
SubEnsembleTTA,minbias,-1,test,19.493546,18.90291101771107,-0.030298978374101337,4,120mm,3.9634633
SubEnsembleTTA,minbias,-1,test,35.06035,33.67973887307851,-0.039378092241172946,3,60mm,4.7646213
SubEnsembleTTA,minbias,-1,test,10.403842,10.43784973370317,0.003268769502888791,3,60mm,2.00736
SubEnsembleTTA,minbias,-1,test,69.66951,76.90765530623206,0.10389258414770497,0,15mm,1.8014226
SubEnsembleTTA,minbias,-1,test,70.629875,68.89925858527646,-0.02450261441553525,1,30mm,3.6929386
SubEnsembleTTA,minbias,-1,test,24.976128,24.444533725900595,-0.021284080006438444,3,60mm,4.459572
SubEnsembleTTA,minbias,-1,test,7.485847,7.590757848971007,0.014014560104606,3,60mm,1.7483462
SubEnsembleTTA,minbias,-1,test,21.823452,19.852328140370336,-0.0903213596022363,2,40mm,1.4803665
SubEnsembleTTA,minbias,-1,test,16.194721,15.699028411227346,-0.030608295376238437,3,60mm,3.550504
SubEnsembleTTA,minbias,-1,test,3.5260887,3.2559945513125785,-0.07659879973204253,3,60mm,0.55573523
SubEnsembleTTA,minbias,-1,test,36.932888,34.39937427580718,-0.0685977699082656,1,30mm,1.8860868
SubEnsembleTTA,minbias,-1,test,14.82071,14.6176684136096,-0.013699867690843637,1,30mm,0.91553295
SubEnsembleTTA,minbias,-1,test,2.4842894,3.3633612036912637,0.35385241076415874,2,40mm,0.51197577
SubEnsembleTTA,minbias,-1,test,9.433713,9.368502797130917,-0.006912459859658937,2,40mm,0.58750546
SubEnsembleTTA,minbias,-1,test,41.044514,43.75501891485628,0.06603818556889607,1,30mm,2.3045573
SubEnsembleTTA,minbias,-1,test,35.020557,32.631268480895244,-0.06822532534636427,3,60mm,4.8238525
SubEnsembleTTA,minbias,-1,test,55.53055,55.44740296329394,-0.0014972863632805034,2,40mm,4.9708977
SubEnsembleTTA,minbias,-1,test,22.37617,23.927553783657455,0.0693320006991569,2,40mm,2.064239
SubEnsembleTTA,minbias,-1,test,65.00015,67.19226864982915,0.03372478332223028,1,30mm,4.1708
SubEnsembleTTA,minbias,-1,test,14.957199,14.313404804404554,-0.04304243649588435,3,60mm,2.0467422
SubEnsembleTTA,minbias,-1,test,11.557228,11.933025615248997,0.03251623347712296,3,60mm,2.7372966
SubEnsembleTTA,minbias,-1,test,39.499283,38.62483019812991,-0.022138443434394084,2,40mm,4.271008
SubEnsembleTTA,minbias,-1,test,19.010822,18.711956456995,-0.01572082651091944,3,60mm,4.1135674
SubEnsembleTTA,minbias,-1,test,45.732086,45.435149108691114,-0.00649297020411721,1,30mm,3.5899222
SubEnsembleTTA,minbias,-1,test,7.00771,6.970304494257258,-0.0053377616739883615,3,60mm,0.9854026
SubEnsembleTTA,minbias,-1,test,69.72573,76.42730655445428,0.09611337984329404,0,15mm,1.6552291
SubEnsembleTTA,minbias,-1,test,10.127981,10.873383650731176,0.07359832637276842,2,40mm,0.9300469
SubEnsembleTTA,minbias,-1,test,32.18403,31.904114849668726,-0.008697288306469986,2,40mm,4.0278497
SubEnsembleTTA,minbias,-1,test,37.41001,37.81119331817733,0.010723921560658267,3,60mm,4.964504
SubEnsembleTTA,minbias,-1,test,3.4604645,2.841437717806738,-0.17888545417826407,3,60mm,0.8075751
SubEnsembleTTA,minbias,-1,test,10.862692,10.936366400563049,0.006782344754818093,3,60mm,1.8559377
SubEnsembleTTA,minbias,-1,test,28.274935,28.176773004879156,-0.0034716884265404424,3,60mm,4.895355
SubEnsembleTTA,minbias,-1,test,26.079489,26.11906690179888,0.0015175967558005432,3,60mm,4.669445
SubEnsembleTTA,minbias,-1,test,60.456673,61.12793647514646,0.011103221150965847,1,30mm,4.866331
SubEnsembleTTA,minbias,-1,test,48.37847,30.298193437297893,-0.3737256970615953,2,40mm,4.608399
SubEnsembleTTA,minbias,-1,test,39.022568,39.40213659750044,0.009726906002655245,2,40mm,3.7156372
SubEnsembleTTA,minbias,-1,test,31.11624,31.23836262860271,0.003924737778351783,2,40mm,2.5492306
SubEnsembleTTA,minbias,-1,test,59.29543,58.6104171678961,-0.011552527247693734,2,40mm,4.8384075
SubEnsembleTTA,minbias,-1,test,4.185393,4.057581445008252,-0.030537494559958578,3,60mm,0.70149803
SubEnsembleTTA,minbias,-1,test,64.4289,59.41929249832954,-0.07775406756906755,1,30mm,2.504135
SubEnsembleTTA,minbias,-1,test,11.879879,19.1349341800197,0.6107011008747514,0,15mm,0.5060012
SubEnsembleTTA,minbias,-1,test,22.937056,21.785825488811238,-0.050190840517961854,2,40mm,1.6621653
SubEnsembleTTA,minbias,-1,test,12.260492,11.790510248049497,-0.038333050935306257,4,120mm,2.524464
SubEnsembleTTA,minbias,-1,test,18.69699,18.610707693463297,-0.0046147198198922545,4,120mm,4.3467364
SubEnsembleTTA,minbias,-1,test,47.686806,47.55338358759264,-0.002797883722263972,2,40mm,4.6813326
SubEnsembleTTA,minbias,-1,test,26.664808,24.129697970489268,-0.09507326198790456,1,30mm,1.6845735
SubEnsembleTTA,minbias,-1,test,7.889757,7.568573733887246,-0.04070891107534591,2,40mm,0.89961
SubEnsembleTTA,minbias,-1,test,26.963943,26.347421791339055,-0.02286467076043619,2,40mm,4.054449
SubEnsembleTTA,minbias,-1,test,3.7640007,4.03651684725151,0.07240067631905323,3,60mm,0.8852063
SubEnsembleTTA,minbias,-1,test,78.321594,74.16641663885095,-0.05305277094831373,1,30mm,3.115618
SubEnsembleTTA,minbias,-1,test,16.051064,16.068616187643503,0.0010935505927525124,4,120mm,3.1322253
SubEnsembleTTA,minbias,-1,test,14.548896,14.328263475530212,-0.015164886932669486,3,60mm,2.3602295
SubEnsembleTTA,minbias,-1,test,16.004644,16.16023980485182,0.009721891164918395,2,40mm,2.405131
SubEnsembleTTA,minbias,-1,test,9.883779,9.500897635202287,-0.03873831592724142,4,120mm,2.3327503
SubEnsembleTTA,minbias,-1,test,20.75814,18.898902388257675,-0.08956670131306077,1,30mm,1.9792964
SubEnsembleTTA,minbias,-1,test,2.6357718,2.561829762242032,-0.028053259589869706,4,120mm,0.5981874
SubEnsembleTTA,minbias,-1,test,38.833687,40.282066213731696,0.03729698371186396,1,30mm,1.9261853
SubEnsembleTTA,minbias,-1,test,25.264908,59.70481064330533,1.3631517292167517,0,15mm,0.56911755
SubEnsembleTTA,minbias,-1,test,32.958973,46.55222027897416,0.41242933681706173,1,30mm,1.6425712
SubEnsembleTTA,minbias,-1,test,49.99019,48.35640732596359,-0.032682038585345685,1,30mm,3.591506
SubEnsembleTTA,minbias,-1,test,59.691208,60.74353888469337,0.01762958124361469,0,15mm,1.9874475
SubEnsembleTTA,minbias,-1,test,6.250237,7.677901155495159,0.22841760562889002,1,30mm,0.5736371
SubEnsembleTTA,minbias,-1,test,22.031605,21.33486454783684,-0.031624578707827644,2,40mm,3.361444
SubEnsembleTTA,minbias,-1,test,20.45368,19.227049783935406,-0.05997112755312117,3,60mm,3.8273423
SubEnsembleTTA,minbias,-1,test,40.11056,37.68036403869127,-0.06058746746747068,0,15mm,1.0042424
SubEnsembleTTA,minbias,-1,test,39.680824,39.90481941893487,0.005644921526083868,2,40mm,3.3758776
SubEnsembleTTA,minbias,-1,test,9.632115,9.377741011380248,-0.026408981109508844,2,40mm,1.5561831
SubEnsembleTTA,minbias,-1,test,46.643528,46.28008850774532,-0.007791852215674355,2,40mm,3.8105676
SubEnsembleTTA,minbias,-1,test,12.619736,11.962447951446952,-0.05208411499464061,2,40mm,0.773279
SubEnsembleTTA,minbias,-1,test,15.333165,15.022676494732016,-0.020249483431036164,4,120mm,3.2853801
SubEnsembleTTA,minbias,-1,test,7.9843593,8.325065072871173,0.042671653067719806,2,40mm,0.7346702
SubEnsembleTTA,minbias,-1,test,39.638348,22.970015695816986,-0.4205102616107713,0,15mm,0.97460026
SubEnsembleTTA,minbias,-1,test,18.268625,19.322435806048038,0.05768417336747467,2,40mm,1.5114138
SubEnsembleTTA,minbias,-1,test,17.79463,17.617646272688123,-0.009945909382055418,3,60mm,2.9789193
SubEnsembleTTA,minbias,-1,test,42.740845,41.968792174613846,-0.018063577285098442,0,15mm,1.0923163
SubEnsembleTTA,minbias,-1,test,39.36892,38.567695505821575,-0.02035168553027389,2,40mm,4.122648
SubEnsembleTTA,minbias,-1,test,10.442509,11.304725436208317,0.0825679694098953,3,60mm,1.2467834
SubEnsembleTTA,minbias,-1,test,9.9969425,10.550905063696801,0.055413196828839384,2,40mm,1.4024324
SubEnsembleTTA,minbias,-1,test,18.363827,18.830634311525465,0.02541995010778675,3,60mm,2.2205548
SubEnsembleTTA,minbias,-1,test,7.2381086,7.5112520380897445,0.037736847692801945,3,60mm,1.152004
SubEnsembleTTA,minbias,-1,test,31.358343,31.364002842567952,0.0001804852429816428,3,60mm,4.4186044
SubEnsembleTTA,minbias,-1,test,16.236391,15.400709275896846,-0.05146967624354348,4,120mm,3.7107675
SubEnsembleTTA,minbias,-1,test,37.00283,34.77482255530287,-0.060211824869581876,0,15mm,1.0552162
SubEnsembleTTA,minbias,-1,test,26.587343,25.790234349691,-0.029980764146957606,3,60mm,3.3153052
SubEnsembleTTA,minbias,-1,test,13.006951,12.172710871160383,-0.06413804738959583,2,40mm,1.6951156
SubEnsembleTTA,minbias,-1,test,43.783535,43.091072107725225,-0.015815600450693745,2,40mm,4.998842
SubEnsembleTTA,minbias,-1,test,30.31244,22.34860273846302,-0.26272506946265495,0,15mm,0.8617903
SubEnsembleTTA,minbias,-1,test,3.7050335,3.2468753654138744,-0.12365830707759096,3,60mm,0.63323444
SubEnsembleTTA,minbias,-1,test,5.7706614,6.271707890357027,0.0868265360848357,2,40mm,0.62797225
SubEnsembleTTA,minbias,-1,test,36.1184,36.0015221378901,-0.003235980386279258,2,40mm,4.333327
SubEnsembleTTA,minbias,-1,test,59.825817,63.0477370191119,0.05385500886904637,1,30mm,4.738188
SubEnsembleTTA,minbias,-1,test,54.33528,54.7812164319079,0.008207099486316594,0,15mm,1.4807795
SubEnsembleTTA,minbias,-1,test,58.54795,60.21071393555636,0.028400023737466196,0,15mm,2.7363472
SubEnsembleTTA,minbias,-1,test,70.33494,75.77644377153123,0.0773656147731221,1,30mm,4.561478
SubEnsembleTTA,minbias,-1,test,4.9893303,4.980096096592037,-0.0018507885058807183,3,60mm,0.7773273
SubEnsembleTTA,minbias,-1,test,57.69618,52.11659506515467,-0.0967062901278084,0,15mm,2.5500298
SubEnsembleTTA,minbias,-1,test,17.225348,15.863964740606628,-0.07903369013710071,3,60mm,3.335901
SubEnsembleTTA,minbias,-1,test,72.20566,81.60842325914162,0.13022200151542673,1,30mm,2.8581967
SubEnsembleTTA,minbias,-1,test,16.01121,15.283574431098874,-0.04544535235550884,4,120mm,3.1835625
SubEnsembleTTA,minbias,-1,test,58.15713,58.77145215697345,0.010563123546183162,1,30mm,4.2145195
SubEnsembleTTA,minbias,-1,test,54.474396,57.16648071490198,0.04941927167411175,0,15mm,1.1891217
SubEnsembleTTA,minbias,-1,test,14.64023,15.31066262498791,0.045793845995961036,4,120mm,3.4626539
SubEnsembleTTA,minbias,-1,test,13.173571,13.011232731928649,-0.012322999248212119,1,30mm,0.7037559
SubEnsembleTTA,minbias,-1,test,10.046774,10.390234172036502,0.03418612427958778,2,40mm,0.66718507
SubEnsembleTTA,minbias,-1,test,26.843607,26.47206294926732,-0.01384106093838866,3,60mm,3.8437853
SubEnsembleTTA,minbias,-1,test,37.646515,37.4553549642574,-0.005077758960323031,2,40mm,3.3269413
SubEnsembleTTA,minbias,-1,test,58.240017,58.99247682856568,0.012919980640123674,0,15mm,3.011304
SubEnsembleTTA,minbias,-1,test,8.977026,8.637730268557677,-0.03779600479044032,3,60mm,1.6546733
SubEnsembleTTA,minbias,-1,test,23.240091,22.994266230904543,-0.010577630247764702,2,40mm,2.7307885
SubEnsembleTTA,minbias,-1,test,21.617779,21.768108734696217,0.006953996437992105,2,40mm,2.1769092
SubEnsembleTTA,minbias,-1,test,18.576159,18.14137417654473,-0.023405503697840224,4,120mm,4.0994444
SubEnsembleTTA,minbias,-1,test,29.032013,30.361282818416463,0.045786349080773725,2,40mm,1.8270527
SubEnsembleTTA,minbias,-1,test,17.389872,17.727528988380726,0.019416899613180938,3,60mm,2.4958448
SubEnsembleTTA,minbias,-1,test,21.739563,22.524870678480532,0.03612343498453052,4,120mm,4.550601
SubEnsembleTTA,minbias,-1,test,15.464577,15.205263657408285,-0.016768196663784485,3,60mm,2.4700875
SubEnsembleTTA,minbias,-1,test,26.077333,20.54698287725101,-0.2120750031287828,0,15mm,1.0005469
SubEnsembleTTA,minbias,-1,test,10.195784,16.923851506021556,0.6598872774169937,1,30mm,0.5399719
SubEnsembleTTA,minbias,-1,test,18.016792,17.270357211854837,-0.0414299656225533,3,60mm,3.0450153
SubEnsembleTTA,minbias,-1,test,23.326447,22.130185207188276,-0.05128347878928219,2,40mm,3.3455694
SubEnsembleTTA,minbias,-1,test,37.069042,38.41251168097279,0.036242357374738354,0,15mm,1.0365143
SubEnsembleTTA,minbias,-1,test,18.624638,16.75411877211578,-0.10043249546323418,3,60mm,3.8864908
SubEnsembleTTA,minbias,-1,test,9.331971,9.434735523395194,0.011012073764630648,3,60mm,2.198381
SubEnsembleTTA,minbias,-1,test,59.17668,61.10346921406176,0.03255991458228236,1,30mm,3.5227125
SubEnsembleTTA,minbias,-1,test,2.9997296,3.283067922716645,0.09445460892110114,3,60mm,0.54903775
SubEnsembleTTA,minbias,-1,test,54.802773,51.96485308018855,-0.05178423118367359,1,30mm,4.6832385
SubEnsembleTTA,minbias,-1,test,68.97539,69.28092931038111,0.004429721207647841,1,30mm,3.6594486
SubEnsembleTTA,minbias,-1,test,9.000977,7.6191540831752285,-0.15351917313969465,3,60mm,1.8797085
SubEnsembleTTA,minbias,-1,test,99.6341,101.22611019042962,0.015978548437844964,0,15mm,3.2466667
SubEnsembleTTA,minbias,-1,test,16.95551,17.006291496308375,0.0029950330574510797,2,40mm,2.7452185
SubEnsembleTTA,minbias,-1,test,16.117737,16.461883334886743,0.02135203734870439,3,60mm,2.5777707
SubEnsembleTTA,minbias,-1,test,68.96732,72.65899297637111,0.05352780847993199,1,30mm,4.096889
SubEnsembleTTA,minbias,-1,test,6.5580034,8.222468411491226,0.2538066661258671,3,60mm,0.8171211
SubEnsembleTTA,minbias,-1,test,5.947266,5.776084865509533,-0.028783180943382614,3,60mm,0.9063753
SubEnsembleTTA,minbias,-1,test,21.479496,21.355027398946422,-0.005794763677793524,3,60mm,3.7886398
SubEnsembleTTA,minbias,-1,test,23.278536,23.275354896714905,-0.0001366471758391663,3,60mm,2.3946514
SubEnsembleTTA,minbias,-1,test,26.21807,27.180990441858388,0.03672739447398876,2,40mm,1.9172838
SubEnsembleTTA,minbias,-1,test,8.630439,8.042878144833747,-0.06808004472237816,3,60mm,1.6702076
SubEnsembleTTA,minbias,-1,test,14.192095,13.92531826201643,-0.018797545009798022,4,120mm,3.3927224
SubEnsembleTTA,minbias,-1,test,11.464842,10.6799155121085,-0.06846377310001717,2,40mm,1.5619619
SubEnsembleTTA,minbias,-1,test,48.45003,47.335032456949506,-0.02301337675330728,2,40mm,3.6705756
SubEnsembleTTA,minbias,-1,test,25.130507,25.789970081562757,0.026241554886806906,2,40mm,2.980725
SubEnsembleTTA,minbias,-1,test,6.7718396,6.6374416424247675,-0.019846597649374687,3,60mm,1.2168689
SubEnsembleTTA,minbias,-1,test,88.91285,88.29120065678381,-0.0069916640114117135,1,30mm,3.7689943
SubEnsembleTTA,minbias,-1,test,33.999214,33.743436134763115,-0.007523057336074501,0,15mm,0.78534466
SubEnsembleTTA,minbias,-1,test,55.420258,50.21860915295247,-0.0938582504599661,1,30mm,4.9205523
SubEnsembleTTA,minbias,-1,test,4.098199,4.382874934544791,0.06946369648035833,2,40mm,0.7224906
SubEnsembleTTA,minbias,-1,test,14.880753,15.114958561120563,0.015738854378832823,2,40mm,1.3802412
SubEnsembleTTA,minbias,-1,test,18.059381,17.690173458319084,-0.020444112494839795,2,40mm,1.6899301
SubEnsembleTTA,minbias,-1,test,61.06701,61.47663586613767,0.006707826383905546,2,40mm,3.887773
SubEnsembleTTA,minbias,-1,test,46.677242,58.23330193196877,0.24757374447766,0,15mm,0.9382893
SubEnsembleTTA,minbias,-1,test,31.192228,32.81584688639842,0.05205202246609675,2,40mm,4.0785627
SubEnsembleTTA,minbias,-1,test,21.521807,21.132104558898323,-0.01810731613504668,2,40mm,2.1166348
SubEnsembleTTA,minbias,-1,test,52.83889,54.1210219913211,0.02426492899076882,0,15mm,1.6230471
SubEnsembleTTA,minbias,-1,test,22.68303,21.38464492577958,-0.05724033765592895,2,40mm,2.6241524
SubEnsembleTTA,minbias,-1,test,27.908865,29.088139687327043,0.04225448485306904,3,60mm,4.8996344
SubEnsembleTTA,minbias,-1,test,32.583992,33.09163781933089,0.015579607767761905,2,40mm,2.4789648
SubEnsembleTTA,minbias,-1,test,38.81166,38.129375017887924,-0.017579401016015406,1,30mm,2.4067829
SubEnsembleTTA,minbias,-1,test,9.95312,9.72817268694707,-0.022600706054622277,2,40mm,1.3033377
SubEnsembleTTA,minbias,-1,test,55.9429,62.897163794020805,0.12431000149059979,0,15mm,1.51558
SubEnsembleTTA,minbias,-1,test,31.832518,31.786292849968323,-0.0014521243490441815,2,40mm,3.1806808
SubEnsembleTTA,minbias,-1,test,48.073486,47.99075627177764,-0.001720908190071424,1,30mm,2.574218
SubEnsembleTTA,minbias,-1,test,6.9189487,6.527311247027714,-0.056603600217788874,4,120mm,1.5632744
SubEnsembleTTA,minbias,-1,test,8.928761,8.798534629918283,-0.014584991749925225,3,60mm,1.8070458
SubEnsembleTTA,minbias,-1,test,57.518105,56.09166143165967,-0.024799897921585212,2,40mm,4.3722606
SubEnsembleTTA,minbias,-1,test,39.68006,38.978828443817136,-0.0176721726940009,2,40mm,3.6161282
SubEnsembleTTA,minbias,-1,test,52.336517,53.54458629271864,0.02308271586022803,2,40mm,3.9047585
SubEnsembleTTA,minbias,-1,test,32.13153,28.65412441562118,-0.10822411082389283,1,30mm,1.5493553
SubEnsembleTTA,minbias,-1,test,6.7409124,6.599660756843268,-0.020954385909418782,3,60mm,1.2711469
SubEnsembleTTA,minbias,-1,test,37.988346,38.53979355249324,0.014516226928917186,3,60mm,4.738076
SubEnsembleTTA,minbias,-1,test,24.570633,23.754411366529354,-0.03321939529252227,3,60mm,4.129728
SubEnsembleTTA,minbias,-1,test,16.846184,16.925682562843125,0.004719097633072211,4,120mm,3.470584
SubEnsembleTTA,minbias,-1,test,60.790833,60.845384540877305,0.0008973724998506682,2,40mm,3.6052744
SubEnsembleTTA,minbias,-1,test,56.466095,61.77669161280979,0.09404929887327995,1,30mm,3.2551358
SubEnsembleTTA,minbias,-1,test,7.4043164,7.768528846349087,0.04918920263590554,2,40mm,0.74432886
SubEnsembleTTA,minbias,-1,test,9.885763,10.292354336910137,0.041128961077838255,3,60mm,1.7142816
SubEnsembleTTA,minbias,-1,test,44.895184,47.09404343361043,0.048977634032413064,0,15mm,1.876817
SubEnsembleTTA,minbias,-1,test,94.09496,96.48379914769754,0.025387502114169846,1,30mm,4.47091
SubEnsembleTTA,minbias,-1,test,58.62573,59.35572164063216,0.01245175200031623,2,40mm,3.97891
SubEnsembleTTA,minbias,-1,test,36.456528,35.495485147644715,-0.026361330128915172,2,40mm,2.8038077
SubEnsembleTTA,minbias,-1,test,7.3023896,6.576732234440513,-0.0993725923818527,3,60mm,1.0014993
SubEnsembleTTA,minbias,-1,test,28.946924,27.689255467846284,-0.04344740507288769,1,30mm,2.139904
SubEnsembleTTA,minbias,-1,test,8.039683,7.87189490889883,-0.020870030067605683,1,30mm,0.5477224
SubEnsembleTTA,minbias,-1,test,3.6682065,3.2939952074336483,-0.10201477224671573,3,60mm,0.8702602
SubEnsembleTTA,minbias,-1,test,29.024141,29.23143683449921,0.007142175908939841,2,40mm,2.4679039
SubEnsembleTTA,minbias,-1,test,38.930737,39.61144761498453,0.01748518352604278,0,15mm,1.2116196
SubEnsembleTTA,minbias,-1,test,26.069014,25.846954778800225,-0.008518113505394442,2,40mm,2.6303751
SubEnsembleTTA,minbias,-1,test,91.02149,82.11323417674183,-0.09786982866884464,1,30mm,3.9871316
SubEnsembleTTA,minbias,-1,test,34.68284,34.65253393891874,-0.0008737606950811605,1,30mm,1.8420643
SubEnsembleTTA,minbias,-1,test,31.867775,31.525970748057304,-0.010725700671427085,1,30mm,2.2655659
SubEnsembleTTA,minbias,-1,test,35.170395,42.793412359699786,0.2167452905906717,1,30mm,3.5157251
SubEnsembleTTA,minbias,-1,test,26.525206,26.78998920839649,0.009982339065913282,2,40mm,2.5443063
SubEnsembleTTA,minbias,-1,test,93.187416,88.81042566124128,-0.04696975836113071,1,30mm,4.182043
SubEnsembleTTA,minbias,-1,test,63.68516,65.43170011665566,0.02742457555981037,2,40mm,4.6050477
SubEnsembleTTA,minbias,-1,test,23.301342,23.192106845351876,-0.004687934501667601,2,40mm,3.397372
SubEnsembleTTA,minbias,-1,test,16.725994,15.803028999014039,-0.055181480097236224,3,60mm,2.5458624
SubEnsembleTTA,minbias,-1,test,46.103107,48.08807375023334,0.04305493506897551,2,40mm,4.0928383
SubEnsembleTTA,minbias,-1,test,17.734982,17.688504174991795,-0.0026206602908961374,2,40mm,3.8765812
SubEnsembleTTA,minbias,-1,test,22.81242,21.942391563942202,-0.03813836197819742,3,60mm,4.0311503
SubEnsembleTTA,minbias,-1,test,24.208033,24.400390082236996,0.007946018469131788,2,40mm,2.200546
SubEnsembleTTA,minbias,-1,test,32.46563,32.25502668714429,-0.006486949220830818,2,40mm,4.344259
SubEnsembleTTA,minbias,-1,test,45.748444,45.42335984295982,-0.00710589770819714,1,30mm,3.7107816
SubEnsembleTTA,minbias,-1,test,5.7403264,7.490305131912649,0.3048570070767147,3,60mm,0.97619593
SubEnsembleTTA,minbias,-1,test,6.700192,7.3922738577562175,0.10329284380743764,3,60mm,1.0922753
SubEnsembleTTA,minbias,-1,test,25.939924,26.74095998909897,0.03088041975650735,2,40mm,3.1391983
SubEnsembleTTA,minbias,-1,test,14.648827,14.642644691329275,-0.0004220070290263944,3,60mm,2.3992538
SubEnsembleTTA,minbias,-1,test,20.859694,21.35692564076147,0.0238369807730352,4,120mm,4.1906424
SubEnsembleTTA,minbias,-1,test,37.57789,38.69891277355042,0.029832019037363322,3,60mm,4.1481466
SubEnsembleTTA,minbias,-1,test,48.30274,47.421142622186174,-0.018251461522716173,2,40mm,4.6175795
SubEnsembleTTA,minbias,-1,test,47.210766,49.468239839580214,0.047816932448706995,2,40mm,3.6076207
SubEnsembleTTA,minbias,-1,test,5.4567995,5.574921286749599,0.02164671424227782,2,40mm,0.8736604
SubEnsembleTTA,minbias,-1,test,35.814137,35.37709402970876,-0.012203071693648981,2,40mm,3.0602279
SubEnsembleTTA,minbias,-1,test,23.797152,23.489015975151357,-0.012948423240975226,4,120mm,4.839637
SubEnsembleTTA,minbias,-1,test,10.074584,17.770569284131245,0.7639010475588577,1,30mm,0.5193339
SubEnsembleTTA,minbias,-1,test,70.31123,72.75993793446284,0.03482664563466664,0,15mm,1.9403737
SubEnsembleTTA,minbias,-1,test,12.456362,12.68679118190891,0.018498933759482084,3,60mm,2.1670766
SubEnsembleTTA,minbias,-1,test,19.42993,18.82929264700407,-0.030912982934962696,3,60mm,4.2299953
SubEnsembleTTA,minbias,-1,test,38.899593,37.784306863660696,-0.028670903561437644,2,40mm,3.8744607
SubEnsembleTTA,minbias,-1,test,9.499697,10.681951721664566,0.12445186657049412,3,60mm,1.360995
SubEnsembleTTA,minbias,-1,test,7.123802,6.117350793595949,-0.14128008685776927,3,60mm,0.71342635
SubEnsembleTTA,minbias,-1,test,75.03674,75.33094386194239,0.003920755159064315,0,15mm,2.704749
SubEnsembleTTA,minbias,-1,test,11.22145,12.514491358793933,0.11522945108335625,0,15mm,0.5420712
SubEnsembleTTA,minbias,-1,test,21.050186,20.973431880346716,-0.003646251691389324,3,60mm,3.2288203
SubEnsembleTTA,minbias,-1,test,33.052883,32.21020794825542,-0.025494756271632446,2,40mm,4.072468
SubEnsembleTTA,minbias,-1,test,28.960995,29.621971084723317,0.022822985558482722,2,40mm,2.1222172
SubEnsembleTTA,minbias,-1,test,4.3145776,4.280669471746146,-0.007858963508563965,4,120mm,1.0185206
SubEnsembleTTA,minbias,-1,test,35.18941,34.30199661406679,-0.025218226731456128,2,40mm,4.667203
SubEnsembleTTA,minbias,-1,test,18.29778,17.967003090213638,-0.018077384776225447,3,60mm,2.3687084
SubEnsembleTTA,minbias,-1,test,27.36726,26.401869306149123,-0.035275386495796646,3,60mm,4.6096473
SubEnsembleTTA,minbias,-1,test,9.432672,8.97722666625207,-0.04828376334506257,2,40mm,1.3181266
SubEnsembleTTA,minbias,-1,test,27.380898,26.12410273471706,-0.04590042332421873,0,15mm,0.74561715
SubEnsembleTTA,minbias,-1,test,33.631485,33.52317412370895,-0.0032205197507571004,2,40mm,3.4026284
SubEnsembleTTA,minbias,-1,test,78.61665,71.0364100556889,-0.09642032641658271,0,15mm,3.2694798
SubEnsembleTTA,minbias,-1,test,58.815792,59.44121559040493,0.010633598299147895,1,30mm,4.4842596
SubEnsembleTTA,minbias,-1,test,66.50355,67.61866751524177,0.01676782496392515,0,15mm,1.9910196
SubEnsembleTTA,minbias,-1,test,7.3835506,6.951985128951052,-0.05844959096003055,3,60mm,1.4523934
SubEnsembleTTA,minbias,-1,test,34.24685,32.941857302771766,-0.03810545475288163,1,30mm,1.7246352
SubEnsembleTTA,minbias,-1,test,26.19088,25.80852459296678,-0.014598792839812913,0,15mm,0.757038
SubEnsembleTTA,minbias,-1,test,11.518021,10.798888710292683,-0.06243537346376904,3,60mm,1.7381802
SubEnsembleTTA,minbias,-1,test,37.72353,38.870784403993866,0.03041217494560544,0,15mm,1.9155385
SubEnsembleTTA,minbias,-1,test,69.13215,72.75785732472784,0.052446056545236264,1,30mm,3.8252761
SubEnsembleTTA,minbias,-1,test,5.0052743,4.824263103009734,-0.03616409053721403,3,60mm,0.6483693
SubEnsembleTTA,minbias,-1,test,31.50289,31.05422707388197,-0.01424194937419998,3,60mm,3.3098195
SubEnsembleTTA,minbias,-1,test,2.4440837,2.689114039015015,0.1002544836372643,3,60mm,0.51662433
SubEnsembleTTA,minbias,-1,test,23.891758,23.4626221755862,-0.017961666534910048,3,60mm,4.520265
SubEnsembleTTA,minbias,-1,test,14.689065,15.09534101207024,0.027658399842504844,2,40mm,2.4870727
SubEnsembleTTA,minbias,-1,test,9.874093,10.390954709643024,0.05234522816434728,3,60mm,2.2244437
SubEnsembleTTA,minbias,-1,test,48.79945,48.55552413613086,-0.0049985355351350735,0,15mm,1.3991953
SubEnsembleTTA,minbias,-1,test,10.853682,8.735233817681102,-0.19518241198561626,2,40mm,1.1682531
SubEnsembleTTA,minbias,-1,test,21.128914,18.11074508920857,-0.14284543007813366,2,40mm,1.47329
SubEnsembleTTA,minbias,-1,test,11.077324,11.19243620099773,0.010391705462584833,3,60mm,2.0213325
SubEnsembleTTA,minbias,-1,test,28.70144,30.8844804896998,0.07606028188292036,0,15mm,0.62013936
SubEnsembleTTA,minbias,-1,test,3.3479152,3.518393430109958,0.050920721925530765,3,60mm,0.7570423
SubEnsembleTTA,minbias,-1,test,33.358635,31.628662437762543,-0.051859811219096774,1,30mm,2.9292064
SubEnsembleTTA,minbias,-1,test,30.884657,30.518690707570553,-0.011849450025289587,2,40mm,4.975719
SubEnsembleTTA,minbias,-1,test,23.069939,22.629470983456688,-0.019092711199155787,3,60mm,3.4273896
SubEnsembleTTA,minbias,-1,test,21.52026,19.669079987184148,-0.08602033071529824,4,120mm,4.7586637
SubEnsembleTTA,minbias,-1,test,41.63987,39.66068573800986,-0.0475309833260511,3,60mm,4.888779
SubEnsembleTTA,minbias,-1,test,17.903402,17.757619998641363,-0.008142716516952309,3,60mm,2.9720926
SubEnsembleTTA,minbias,-1,test,30.572104,32.433565823430534,0.06088761026999756,2,40mm,3.875794
SubEnsembleTTA,minbias,-1,test,10.284742,10.259357699773423,-0.002468185852031568,3,60mm,1.9634444
SubEnsembleTTA,minbias,-1,test,13.629357,14.310025023104046,0.049941289840353065,3,60mm,1.4203951
SubEnsembleTTA,minbias,-1,test,66.67799,64.98259845297888,-0.02542660967231669,2,40mm,4.856445
SubEnsembleTTA,minbias,-1,test,6.362254,5.9499926421394385,-0.0647980246263582,2,40mm,1.3200728
SubEnsembleTTA,minbias,-1,test,19.964828,19.501933923274237,-0.02318550185094148,4,120mm,4.461781
SubEnsembleTTA,minbias,-1,test,28.761269,27.671300616097522,-0.03789707659241748,3,60mm,4.1487756
SubEnsembleTTA,minbias,-1,test,55.289906,53.37562217728711,-0.03462265583259838,1,30mm,3.1474376
SubEnsembleTTA,minbias,-1,test,22.933075,23.41173662358082,0.020872110409445366,3,60mm,3.424631
SubEnsembleTTA,minbias,-1,test,8.57863,8.575614968685773,-0.00035151050280302076,2,40mm,0.9723443
SubEnsembleTTA,minbias,-1,test,37.88139,37.79900422380253,-0.0021748250248565526,2,40mm,3.8302498
SubEnsembleTTA,minbias,-1,test,27.26624,27.05286309295347,-0.007825651055329064,3,60mm,4.5243516
SubEnsembleTTA,minbias,-1,test,49.690464,48.300931381322954,-0.02796376861965788,2,40mm,4.8713574
SubEnsembleTTA,minbias,-1,test,14.520565,14.358971476226454,-0.011128599773200465,3,60mm,2.1698651
SubEnsembleTTA,minbias,-1,test,10.764546,8.520130561070488,-0.20850073482483877,3,60mm,2.2433093
SubEnsembleTTA,minbias,-1,test,29.163076,30.190762337525136,0.035239284177221775,3,60mm,4.882857
SubEnsembleTTA,minbias,-1,test,28.022968,27.265968086248222,-0.02701356252106346,2,40mm,2.4090023
SubEnsembleTTA,minbias,-1,test,16.646626,16.931156748598813,0.017092426899293578,4,120mm,3.4468856
SubEnsembleTTA,minbias,-1,test,27.011282,26.86783419721842,-0.005310661305118702,3,60mm,3.880252
SubEnsembleTTA,minbias,-1,test,9.022978,8.91339639191987,-0.012144708668980098,3,60mm,1.7761704
SubEnsembleTTA,minbias,-1,test,53.50184,51.540194560067675,-0.036664985209152956,1,30mm,3.3251588
SubEnsembleTTA,minbias,-1,test,3.0190446,3.364337156351724,0.11437145193620113,3,60mm,0.5535211
SubEnsembleTTA,minbias,-1,test,9.099219,8.856593913756257,-0.026664420304306824,3,60mm,1.9144417
SubEnsembleTTA,minbias,-1,test,88.95967,35.85551879567512,-0.596946364747579,0,15mm,2.58352
SubEnsembleTTA,minbias,-1,test,64.948425,60.21900775916272,-0.0728180477428454,1,30mm,3.3098922
SubEnsembleTTA,minbias,-1,test,17.478462,17.298348937589672,-0.01030487003887337,2,40mm,1.9085041
SubEnsembleTTA,minbias,-1,test,19.683434,20.58188419991902,0.04564501745647709,1,30mm,1.5664862
SubEnsembleTTA,minbias,-1,test,4.742171,5.15111777665887,0.08623623700705285,3,60mm,0.9111218
SubEnsembleTTA,minbias,-1,test,27.240248,26.19044336066786,-0.03853872315388629,3,60mm,3.617403
SubEnsembleTTA,minbias,-1,test,10.052898,9.810570744944593,-0.024105253254077974,2,40mm,1.810655
SubEnsembleTTA,minbias,-1,test,38.99507,38.29543176395827,-0.017941745504145956,2,40mm,4.664561
SubEnsembleTTA,minbias,-1,test,25.897425,25.228255951679763,-0.02583920038393228,2,40mm,1.7516831
SubEnsembleTTA,minbias,-1,test,2.5008535,3.6741969970526025,0.46917719909219446,4,120mm,0.5398102
SubEnsembleTTA,minbias,-1,test,16.82602,17.02007994860168,0.011533367350944124,3,60mm,3.8696907
SubEnsembleTTA,minbias,-1,test,8.634393,8.579739875416804,-0.006329670722850844,3,60mm,2.0181704
SubEnsembleTTA,minbias,-1,test,4.8951697,5.03694383045271,0.02896203873902725,3,60mm,0.61069745
SubEnsembleTTA,minbias,-1,test,8.578243,8.454004393627667,-0.014483019224972637,3,60mm,1.2346973
SubEnsembleTTA,minbias,-1,test,28.185913,28.033668639081014,-0.005401437462476344,1,30mm,1.7036654
SubEnsembleTTA,minbias,-1,test,2.9345987,4.105876102767714,0.3991269486757212,3,60mm,0.5919665
SubEnsembleTTA,minbias,-1,test,11.828794,10.492597280655643,-0.1129613296687888,3,60mm,2.6444008
SubEnsembleTTA,minbias,-1,test,82.52548,82.98862335760481,0.005612099046849117,1,30mm,3.4554949
SubEnsembleTTA,minbias,-1,test,18.241571,18.409091801042145,0.009183439887650025,3,60mm,3.8154159
SubEnsembleTTA,minbias,-1,test,79.62279,80.31151674548083,0.008649901513509306,1,30mm,4.6060424
SubEnsembleTTA,minbias,-1,test,34.553444,40.4927995866136,0.17188896405282006,1,30mm,2.5794516
SubEnsembleTTA,minbias,-1,test,11.23048,10.923937009632692,-0.0272956435665479,3,60mm,2.0043087
SubEnsembleTTA,minbias,-1,test,70.323296,69.50171676616918,-0.011682882893378821,1,30mm,3.74003
SubEnsembleTTA,minbias,-1,test,18.104904,17.82830162284256,-0.015277769453596823,3,60mm,3.046961
SubEnsembleTTA,minbias,-1,test,13.226644,13.911818931861072,0.05180266379115728,3,60mm,2.438702
SubEnsembleTTA,minbias,-1,test,14.679004,14.570364128221803,-0.0074010191290098115,2,40mm,2.008786
SubEnsembleTTA,minbias,-1,test,85.68583,97.25349992869361,0.13500097833149427,1,30mm,3.633567
SubEnsembleTTA,minbias,-1,test,12.160665,20.326541217694732,0.6714992112529201,1,30mm,0.57410353
SubEnsembleTTA,minbias,-1,test,13.344405,17.07196866765039,0.2793353052998122,1,30mm,0.62252975
SubEnsembleTTA,minbias,-1,test,51.92667,50.539040269058205,-0.026722872917035234,2,40mm,4.1013365
SubEnsembleTTA,minbias,-1,test,13.303439,13.388672180955643,0.006406842601887508,3,60mm,2.2407286
SubEnsembleTTA,minbias,-1,test,27.371742,27.26708567375698,-0.003823526242059949,2,40mm,2.4827209
SubEnsembleTTA,minbias,-1,test,20.174232,20.283626866170433,0.0054224805505214135,3,60mm,4.205974
SubEnsembleTTA,minbias,-1,test,29.14908,27.758254334841013,-0.0477142307220596,2,40mm,3.6008909
SubEnsembleTTA,minbias,-1,test,7.833239,5.582252123287323,-0.287363494548057,2,40mm,1.0614054
SubEnsembleTTA,minbias,-1,test,87.3422,86.20823372049519,-0.012983042520202659,1,30mm,4.5592823
SubEnsembleTTA,minbias,-1,test,56.446667,56.25875195020546,-0.0033290675650380352,1,30mm,4.9724274
SubEnsembleTTA,minbias,-1,test,13.775935,13.103683811830276,-0.04879896375530801,2,40mm,1.9858738
SubEnsembleTTA,minbias,-1,test,87.1866,87.09003892032719,-0.0011075189468973123,0,15mm,3.1663165
SubEnsembleTTA,minbias,-1,test,13.623521,13.529938471834896,-0.006869177235674706,2,40mm,1.8324262
SubEnsembleTTA,minbias,-1,test,12.811955,13.241204761132163,0.03350380906147987,0,15mm,0.6569014
SubEnsembleTTA,minbias,-1,test,16.470196,16.172058926230918,-0.01810159685964563,3,60mm,2.4386466
SubEnsembleTTA,minbias,-1,test,12.935601,12.242496283553649,-0.05358119335321365,3,60mm,1.7577689
SubEnsembleTTA,minbias,-1,test,29.907978,28.965776161364758,-0.03150336323885694,3,60mm,3.8043094
SubEnsembleTTA,minbias,-1,test,64.57643,63.834649558391625,-0.01148687998675979,0,15mm,1.4974837
SubEnsembleTTA,minbias,-1,test,5.2485785,4.748321458993533,-0.09531287087003237,2,40mm,0.52785474
SubEnsembleTTA,minbias,-1,test,21.203344,18.193615880432354,-0.1419459315321161,3,60mm,4.9206977
SubEnsembleTTA,minbias,-1,test,25.25939,23.182343276567394,-0.08222869241259634,3,60mm,3.319462
SubEnsembleTTA,minbias,-1,test,49.396706,48.11202979360433,-0.0260073180492304,2,40mm,3.0662217
SubEnsembleTTA,minbias,-1,test,26.538141,26.21079123899273,-0.01233507684378965,3,60mm,3.7565947
SubEnsembleTTA,minbias,-1,test,25.980356,25.68843392136224,-0.011236269920110065,3,60mm,3.0972059
SubEnsembleTTA,minbias,-1,test,5.454522,5.51247342482701,0.010624448951121135,3,60mm,0.8842932
SubEnsembleTTA,minbias,-1,test,10.997122,10.74087150412909,-0.02330157937595112,2,40mm,1.6232829
SubEnsembleTTA,minbias,-1,test,5.5338964,5.598744246460981,0.011718289430073359,3,60mm,1.1433136
SubEnsembleTTA,minbias,-1,test,8.233509,8.178448977696556,-0.0066873171084195215,2,40mm,0.6247369
SubEnsembleTTA,minbias,-1,test,21.09494,21.69005517905419,0.028211267169890197,3,60mm,3.3059561
SubEnsembleTTA,minbias,-1,test,13.161832,13.34886917018767,0.01421058378980078,1,30mm,0.942579
SubEnsembleTTA,minbias,-1,test,70.25911,74.60118962306517,0.061800955877129526,1,30mm,4.2704887
SubEnsembleTTA,minbias,-1,test,21.57727,21.547624973768087,-0.0013739241964677573,3,60mm,4.774465
SubEnsembleTTA,minbias,-1,test,11.871989,12.038432782344458,0.014019851993951615,2,40mm,1.2889471
SubEnsembleTTA,minbias,-1,test,7.2229824,7.562667485600734,0.0470283685965196,3,60mm,1.4284801
SubEnsembleTTA,minbias,-1,test,16.453756,17.42509843377625,0.05903467158233133,2,40mm,2.019197
SubEnsembleTTA,minbias,-1,test,70.90327,70.45858452201172,-0.006271676949828997,1,30mm,3.1103535
SubEnsembleTTA,minbias,-1,test,25.122377,26.620958143656004,0.059651231427118256,2,40mm,2.1373482
SubEnsembleTTA,minbias,-1,test,36.967396,30.576803059342392,-0.1728710553681636,0,15mm,1.0094197
SubEnsembleTTA,minbias,-1,test,32.32806,32.47153695665812,0.004438150815275099,2,40mm,2.7630663
SubEnsembleTTA,minbias,-1,test,13.401864,13.485595012923836,0.006247710078332247,3,60mm,2.9017248
SubEnsembleTTA,minbias,-1,test,12.694786,11.86123873304276,-0.06566060538725416,3,60mm,1.9473674
SubEnsembleTTA,minbias,-1,test,13.369589,12.537496277327993,-0.06223770856503785,3,60mm,2.1797864
SubEnsembleTTA,minbias,-1,test,43.709213,42.77560076943816,-0.02135962690318538,3,60mm,4.735337
SubEnsembleTTA,minbias,-1,test,40.55592,39.97976595109608,-0.014206401953956393,2,40mm,4.6358633
SubEnsembleTTA,minbias,-1,test,68.93982,70.32764164963137,0.02013092472626221,0,15mm,1.8323253
SubEnsembleTTA,minbias,-1,test,8.647272,8.60350174787372,-0.005061753759441512,3,60mm,2.0275652
SubEnsembleTTA,minbias,-1,test,30.84228,30.77960576152784,-0.0020320700618111642,2,40mm,2.5963442
SubEnsembleTTA,minbias,-1,test,6.1473203,5.902407742279227,-0.03984053497795981,3,60mm,0.85131335
SubEnsembleTTA,minbias,-1,test,16.550312,19.471940084704123,0.17653008807397774,3,60mm,3.7568634
SubEnsembleTTA,minbias,-1,test,7.7765045,7.457386697582441,-0.04103615169744412,2,40mm,1.4411697
SubEnsembleTTA,minbias,-1,test,7.908989,7.6780200830545935,-0.029203336983436357,3,60mm,1.7893655
SubEnsembleTTA,minbias,-1,test,42.952755,41.65479657253364,-0.030218280587734903,3,60mm,4.713549
SubEnsembleTTA,minbias,-1,test,4.81538,4.752879722822948,-0.012979322994432496,3,60mm,0.6351112
SubEnsembleTTA,minbias,-1,test,15.696967,15.325731144004296,-0.02365017254478785,3,60mm,2.3571248
SubEnsembleTTA,minbias,-1,test,3.9285698,4.360904570791588,0.1100488981470038,3,60mm,0.5197542
SubEnsembleTTA,minbias,-1,test,91.028564,72.37262113325103,-0.20494603459863214,0,15mm,3.4699142
SubEnsembleTTA,minbias,-1,test,28.761925,28.332440978373683,-0.014932372193674048,2,40mm,2.2052948
SubEnsembleTTA,minbias,-1,test,14.489816,14.659144582746825,0.011686061033321815,3,60mm,2.1824684
SubEnsembleTTA,minbias,-1,test,28.218119,27.044464365336243,-0.04159222363799109,2,40mm,3.5978327
SubEnsembleTTA,minbias,-1,test,10.0176115,8.896992532135846,-0.11186488626179947,3,60mm,1.5867051
SubEnsembleTTA,minbias,-1,test,17.067007,22.262238677252178,0.3044020309303035,0,15mm,0.55127823
SubEnsembleTTA,minbias,-1,test,23.272312,23.438039668805843,0.007121230728134531,3,60mm,4.283398
SubEnsembleTTA,minbias,-1,test,69.99895,71.33374363645612,0.019068808137413962,1,30mm,3.9272156
SubEnsembleTTA,minbias,-1,test,20.212154,19.97911464344147,-0.01152968360066009,3,60mm,3.5572298
SubEnsembleTTA,minbias,-1,test,3.7261517,3.6412529294515315,-0.022784572948970183,4,120mm,0.8394373
SubEnsembleTTA,minbias,-1,test,14.345107,14.700847035330208,0.024798696505363704,3,60mm,2.3917248
SubEnsembleTTA,minbias,-1,test,38.398796,38.316353776631615,-0.0021470023366431112,2,40mm,3.961819
SubEnsembleTTA,minbias,-1,test,41.6872,46.656303567059176,0.11919978051737878,0,15mm,1.302036
SubEnsembleTTA,minbias,-1,test,33.27281,32.60764571862436,-0.01999128216846069,2,40mm,4.021536
SubEnsembleTTA,minbias,-1,test,14.033686,14.163107788466474,0.009222246184980909,2,40mm,1.7864746
SubEnsembleTTA,minbias,-1,test,30.746712,30.8481299714389,0.0032985068897548597,2,40mm,2.599935
SubEnsembleTTA,minbias,-1,test,52.13806,51.13670934759728,-0.01920578070187906,0,15mm,1.3066744
SubEnsembleTTA,minbias,-1,test,27.792006,26.52461887680507,-0.045602562231774724,1,30mm,2.369163
SubEnsembleTTA,minbias,-1,test,46.513176,45.09228584531311,-0.030548120819168245,0,15mm,2.3231325
SubEnsembleTTA,minbias,-1,test,14.400635,15.50616228817409,0.07676936055541361,3,60mm,1.992995
SubEnsembleTTA,minbias,-1,test,19.896816,19.03870882539877,-0.043127876205088844,4,120mm,4.034563
SubEnsembleTTA,minbias,-1,test,9.921068,9.880100640898858,-0.004129348759485896,4,120mm,2.2980042
SubEnsembleTTA,minbias,-1,test,85.837074,91.27427118816927,0.06334322265763181,1,30mm,4.1887083
SubEnsembleTTA,minbias,-1,test,39.818924,38.04346185256544,-0.04458839972297046,2,40mm,4.9353757
SubEnsembleTTA,minbias,-1,test,80.64039,82.46903642198093,0.022676576433731777,0,15mm,2.8438718
SubEnsembleTTA,minbias,-1,test,8.778384,9.095816971457829,0.036160727900788725,3,60mm,1.3101889
SubEnsembleTTA,minbias,-1,test,5.040326,4.793142537784036,-0.04904118798572343,3,60mm,0.9923289
SubEnsembleTTA,minbias,-1,test,40.214554,39.144853174868764,-0.026599839018008553,2,40mm,3.9608383
SubEnsembleTTA,minbias,-1,test,29.516773,27.877483100309792,-0.055537578960056955,2,40mm,1.9734657
SubEnsembleTTA,minbias,-1,test,56.82928,55.752643300843815,-0.01894512012579319,0,15mm,1.8948909
SubEnsembleTTA,minbias,-1,test,20.112144,20.161556261340923,0.00245681365302719,3,60mm,2.3219633
SubEnsembleTTA,minbias,-1,test,43.35541,45.05463868824352,0.03919296573957576,0,15mm,1.429302
SubEnsembleTTA,minbias,-1,test,30.216625,31.589267975128504,0.045426739478722666,2,40mm,2.2865968
SubEnsembleTTA,minbias,-1,test,20.666483,21.39298352828726,0.03515356751771215,2,40mm,2.5609434
SubEnsembleTTA,minbias,-1,test,15.482965,15.32871155980073,-0.009962814285472521,3,60mm,2.1307774
SubEnsembleTTA,minbias,-1,test,78.15016,77.49680626499536,-0.008360257529804183,1,30mm,4.077928
SubEnsembleTTA,minbias,-1,test,17.334526,16.843717624459728,-0.028313923080227066,3,60mm,1.6883755
SubEnsembleTTA,minbias,-1,test,21.031124,23.246686032061234,0.1053468138439555,3,60mm,2.8090534
SubEnsembleTTA,minbias,-1,test,4.7335157,4.535971162286455,-0.04173316157131757,3,60mm,0.6691302
SubEnsembleTTA,minbias,-1,test,3.034294,2.78088160134635,-0.08351606595796512,3,60mm,0.65092874
SubEnsembleTTA,minbias,-1,test,93.047554,84.96119527123501,-0.08690565625699231,1,30mm,4.8271685
SubEnsembleTTA,minbias,-1,test,89.95129,87.62792257852398,-0.02582913299576506,1,30mm,4.823083
SubEnsembleTTA,minbias,-1,test,16.218534,15.334743561160591,-0.054492649141649196,2,40mm,1.1439391
SubEnsembleTTA,minbias,-1,test,8.035113,8.075197612217847,0.004988638727620787,2,40mm,1.3417553
SubEnsembleTTA,minbias,-1,test,85.74962,83.29754670438007,-0.028595717018002564,1,30mm,3.5954056
SubEnsembleTTA,minbias,-1,test,17.159693,17.182480632904458,0.0013279881484629108,3,60mm,3.2772667
SubEnsembleTTA,minbias,-1,test,4.086393,3.855345067251781,-0.05654077301137039,3,60mm,0.79998577
SubEnsembleTTA,minbias,-1,test,26.15218,27.75356485181636,0.061233333170141346,3,60mm,4.3505054
SubEnsembleTTA,minbias,-1,test,11.420026,19.171237595204975,0.6787385499948977,0,15mm,0.5767627
SubEnsembleTTA,minbias,-1,test,7.200911,6.957587707883537,-0.03379063227803136,3,60mm,1.6490047
SubEnsembleTTA,minbias,-1,test,25.164488,28.488690625452975,0.1320989645412003,3,60mm,4.2464285
SubEnsembleTTA,minbias,-1,test,24.361938,27.11058374044498,0.11282539222101828,3,60mm,2.4296968
SubEnsembleTTA,minbias,-1,test,3.3560565,3.3465149893961588,-0.0028430577787856848,3,60mm,0.65516394
SubEnsembleTTA,minbias,-1,test,13.251946,14.177371230236105,0.06983312108136497,2,40mm,1.6629822
SubEnsembleTTA,minbias,-1,test,13.573763,13.24036861356107,-0.024561669651014473,4,120mm,2.9066532
SubEnsembleTTA,minbias,-1,test,47.967808,47.4164644715461,-0.011494027429302167,1,30mm,3.421346
SubEnsembleTTA,minbias,-1,test,37.64607,37.511467543088784,-0.003575433903496794,3,60mm,4.447914
SubEnsembleTTA,minbias,-1,test,10.574857,12.609144618949916,0.1923702521332633,2,40mm,1.0748746
SubEnsembleTTA,minbias,-1,test,99.39034,94.22003515701381,-0.052020220619919066,0,15mm,2.675851
SubEnsembleTTA,minbias,-1,test,8.355201,8.183028274494538,-0.020606625479535512,4,120mm,2.0149202
SubEnsembleTTA,minbias,-1,test,14.669281,13.991534535003215,-0.04620175116868008,3,60mm,2.048613
SubEnsembleTTA,minbias,-1,test,23.839771,24.268928455115233,0.01800173246166148,2,40mm,2.782398
SubEnsembleTTA,minbias,-1,test,13.5328045,13.31866135031055,-0.015824002999312303,3,60mm,1.5725055
SubEnsembleTTA,minbias,-1,test,59.56496,60.12141970165835,0.00934205642781083,1,30mm,2.4560916
SubEnsembleTTA,minbias,-1,test,50.15805,50.00442577781579,-0.003062813599183367,2,40mm,4.5242515
SubEnsembleTTA,minbias,-1,test,13.964448,16.767451036946905,0.20072422961326275,2,40mm,0.8979822
SubEnsembleTTA,minbias,-1,test,26.46194,26.475475949490285,0.0005114962741936679,1,30mm,1.4331722
SubEnsembleTTA,minbias,-1,test,32.17534,32.450179493860155,0.008541969081356626,2,40mm,3.0380535
SubEnsembleTTA,minbias,-1,test,18.302769,18.907812609683084,0.03305750687693432,1,30mm,1.7850062
SubEnsembleTTA,minbias,-1,test,15.685028,16.101749425281458,0.026568097110559297,1,30mm,0.8349446
SubEnsembleTTA,minbias,-1,test,22.69711,22.714038872460133,0.0007458945490426139,2,40mm,3.2344677
SubEnsembleTTA,minbias,-1,test,28.600595,28.610150020659614,0.0003340680939687424,2,40mm,3.281949
SubEnsembleTTA,minbias,-1,test,87.25113,87.11714723469855,-0.0015355894759956357,0,15mm,2.424309
SubEnsembleTTA,minbias,-1,test,35.969795,32.5308638107944,-0.09560608823455741,1,30mm,3.3952982
SubEnsembleTTA,minbias,-1,test,22.701094,22.50013395816329,-0.008852424399954373,2,40mm,1.5692573
SubEnsembleTTA,minbias,-1,test,26.704588,26.0362242463518,-0.025028047301883682,3,60mm,4.6050835
SubEnsembleTTA,minbias,-1,test,76.3491,81.660830978351,0.06957165045332947,1,30mm,4.382124
SubEnsembleTTA,minbias,-1,test,19.554865,19.391830644396492,-0.008337272591669387,3,60mm,2.2436821
SubEnsembleTTA,minbias,-1,test,10.499074,11.40719198031173,0.08649505657443868,1,30mm,0.96292245
SubEnsembleTTA,minbias,-1,test,54.739204,52.11000080088038,-0.04803145450053803,2,40mm,4.5738797
SubEnsembleTTA,minbias,-1,test,19.08684,19.744918335580973,0.03447813628929164,4,120mm,4.2960644
SubEnsembleTTA,minbias,-1,test,10.702916,10.949219569663468,0.023012739798615733,4,120mm,2.2318494
SubEnsembleTTA,minbias,-1,test,19.077724,18.388756696887196,-0.03611372841978566,0,15mm,0.5454701
SubEnsembleTTA,minbias,-1,test,82.80905,83.21838376244844,0.004943085825696025,0,15mm,2.7932072
SubEnsembleTTA,minbias,-1,test,19.39733,18.728596112355014,-0.03447553045561469,4,120mm,4.454512
SubEnsembleTTA,minbias,-1,test,81.8411,81.9981012397159,0.00191833485413051,1,30mm,3.7607484
SubEnsembleTTA,minbias,-1,test,16.046694,16.18476988031794,0.008604643432647885,1,30mm,1.1637869
SubEnsembleTTA,minbias,-1,test,6.262488,6.748800530964511,0.07765486357811269,3,60mm,0.8317734
SubEnsembleTTA,minbias,-1,test,7.769357,7.025710954873195,-0.09571528634818693,3,60mm,1.218152
SubEnsembleTTA,minbias,-1,test,24.175598,23.127650611126718,-0.043347325974707585,2,40mm,2.4041135
SubEnsembleTTA,minbias,-1,test,5.8022456,5.627015916440685,-0.03020032450218646,3,60mm,0.8311788
SubEnsembleTTA,minbias,-1,test,35.814957,36.39224539567957,0.016118649424586184,1,30mm,1.9192396
SubEnsembleTTA,minbias,-1,test,5.639907,5.932557037314434,0.05188918188425484,2,40mm,0.88330245
SubEnsembleTTA,minbias,-1,test,18.468267,18.279766776397395,-0.01020673243999659,3,60mm,1.8491412
SubEnsembleTTA,minbias,-1,test,28.697004,28.43431642800438,-0.009153843631893754,3,60mm,3.2738266
SubEnsembleTTA,minbias,-1,test,25.476906,25.532254217948363,0.002172492828584671,2,40mm,2.7514143
SubEnsembleTTA,minbias,-1,test,52.658333,52.20257063371288,-0.008655082045824103,2,40mm,3.3860936
SubEnsembleTTA,minbias,-1,test,8.319353,8.165197318346465,-0.018529780305132748,3,60mm,1.451552
SubEnsembleTTA,minbias,-1,test,24.625055,22.832539633024762,-0.07279235141986695,3,60mm,3.0011704
SubEnsembleTTA,minbias,-1,test,50.214306,52.12177419664441,0.03798655155375785,2,40mm,4.039214
SubEnsembleTTA,minbias,-1,test,43.553177,44.25003705983164,0.01600021467712276,2,40mm,4.2025104
SubEnsembleTTA,minbias,-1,test,67.49927,65.97902261070338,-0.022522392049099782,0,15mm,1.5883207
SubEnsembleTTA,minbias,-1,test,34.814285,33.80470818425759,-0.028998932076063855,0,15mm,1.7564027
SubEnsembleTTA,minbias,-1,test,17.712477,17.7013777501504,-0.0006266193240646034,3,60mm,3.1519916
SubEnsembleTTA,minbias,-1,test,88.61805,86.78471003249506,-0.02068810583076164,0,15mm,3.29656
SubEnsembleTTA,minbias,-1,test,16.037004,16.16544331409868,0.008008904874170497,2,40mm,1.903712
SubEnsembleTTA,minbias,-1,test,15.923653,15.59429263702552,-0.02068369733765074,3,60mm,1.6801318
SubEnsembleTTA,minbias,-1,test,32.567966,31.780286712013172,-0.024185720963183832,3,60mm,4.7548494
SubEnsembleTTA,minbias,-1,test,45.489468,45.45778354417022,-0.000696514563403472,2,40mm,3.858722
SubEnsembleTTA,minbias,-1,test,12.21666,12.155333279700137,-0.005019888290075936,4,120mm,2.940945
SubEnsembleTTA,minbias,-1,test,72.52637,80.45207571782916,0.10928037398921542,1,30mm,3.4770415
SubEnsembleTTA,minbias,-1,test,73.11536,71.47677876885982,-0.022410855340331604,0,15mm,2.1908495
SubEnsembleTTA,minbias,-1,test,24.927065,24.790909161507315,-0.005462164707022432,2,40mm,3.916164
SubEnsembleTTA,minbias,-1,test,19.016766,20.43292707094629,0.07446910303583665,3,60mm,3.3224242
SubEnsembleTTA,minbias,-1,test,13.696641,13.556990545153349,-0.010195961439916856,2,40mm,1.917287
SubEnsembleTTA,minbias,-1,test,15.896167,16.054504332467474,0.009960736634970768,1,30mm,0.8034737
SubEnsembleTTA,minbias,-1,test,15.961084,16.271075773813944,0.019421700986216983,1,30mm,1.3543994
SubEnsembleTTA,minbias,-1,test,30.82587,30.94626850991412,0.003905745206570943,3,60mm,3.5122883
SubEnsembleTTA,minbias,-1,test,2.751366,2.8851412137540726,0.048621418806008565,3,60mm,0.5133845
SubEnsembleTTA,minbias,-1,test,25.855513,26.090923963050095,0.0091048801661886,1,30mm,1.2303473
SubEnsembleTTA,minbias,-1,test,10.478086,10.588002904939994,0.010490124669302991,2,40mm,2.036367
SubEnsembleTTA,minbias,-1,test,18.377565,17.99283926956405,-0.020934552880649493,3,60mm,3.0103068
SubEnsembleTTA,minbias,-1,test,34.774757,38.06656837448694,0.09466093329608438,2,40mm,3.353456
SubEnsembleTTA,minbias,-1,test,30.72176,30.591386700930904,-0.004243672760830708,1,30mm,2.014465
SubEnsembleTTA,minbias,-1,test,92.166885,89.54020418991098,-0.02849918574714283,1,30mm,4.828214
SubEnsembleTTA,minbias,-1,test,60.511513,55.05677938780759,-0.09014372835965612,1,30mm,2.3887625
SubEnsembleTTA,minbias,-1,test,4.5811124,4.582861674825116,0.0003818483115103355,3,60mm,0.8225048
SubEnsembleTTA,minbias,-1,test,29.947262,29.73538421452603,-0.007075023991135465,3,60mm,4.9530563
SubEnsembleTTA,minbias,-1,test,34.589718,33.880766431812106,-0.02049601664706524,2,40mm,3.8085988
SubEnsembleTTA,minbias,-1,test,18.912895,18.672931459884502,-0.012687837593408857,4,120mm,4.439308
SubEnsembleTTA,minbias,-1,test,9.892875,10.197938201034567,0.030836687214483183,3,60mm,1.9269786
SubEnsembleTTA,minbias,-1,test,29.141163,28.778209255139334,-0.012455014879311554,3,60mm,4.9768744
SubEnsembleTTA,minbias,-1,test,25.743086,26.961365640705168,0.04732454322172064,3,60mm,4.7529974
SubEnsembleTTA,minbias,-1,test,8.62467,9.202911575180632,0.06704506312366965,3,60mm,1.0837222
SubEnsembleTTA,minbias,-1,test,9.535327,8.51925958822947,-0.1065582096954093,3,60mm,0.97866434
SubEnsembleTTA,minbias,-1,test,35.58349,35.8801948355782,0.008338316000690904,2,40mm,3.8634286
SubEnsembleTTA,minbias,-1,test,19.60094,19.152479389304823,-0.022879581230581092,3,60mm,3.675246
SubEnsembleTTA,minbias,-1,test,19.425573,18.598245297289353,-0.04258963361574608,2,40mm,1.9465821
SubEnsembleTTA,minbias,-1,test,49.90248,49.00050259249771,-0.018074822475742325,1,30mm,2.3630662
SubEnsembleTTA,minbias,-1,test,21.252398,20.64738195163362,-0.02846810975269576,3,60mm,3.5722456
SubEnsembleTTA,minbias,-1,test,23.435795,32.655429731554236,0.3933997104848861,0,15mm,0.7813058
SubEnsembleTTA,minbias,-1,test,18.538963,18.210766648584737,-0.017703075606713248,3,60mm,2.7560124
SubEnsembleTTA,minbias,-1,test,12.467289,11.436944768743516,-0.0826438052895685,3,60mm,2.9627352
SubEnsembleTTA,minbias,-1,test,33.36196,32.643681365060175,-0.02152990922305098,3,60mm,3.9498632
SubEnsembleTTA,minbias,-1,test,38.891315,55.074048024865995,0.41610144509561886,2,40mm,2.5773141
SubEnsembleTTA,minbias,-1,test,27.855526,27.6422887867623,-0.007655112451397383,2,40mm,3.1004977
SubEnsembleTTA,minbias,-1,test,98.717766,96.90865922141806,-0.018326048729709665,0,15mm,3.3385088
SubEnsembleTTA,minbias,-1,test,22.04757,23.388255209003482,0.06080878655531863,2,40mm,1.7643907
SubEnsembleTTA,minbias,-1,test,28.190563,26.980036384682695,-0.04294085253109914,2,40mm,2.401798
SubEnsembleTTA,minbias,-1,test,8.321649,7.965550805725321,-0.04279173625399735,3,60mm,1.4475034
SubEnsembleTTA,minbias,-1,test,73.37872,71.4535837423601,-0.026235662323794928,1,30mm,4.652359
SubEnsembleTTA,minbias,-1,test,45.813133,39.706578577363004,-0.13329266589182398,1,30mm,2.8299763
SubEnsembleTTA,minbias,-1,test,22.2796,24.19835962900249,0.08612180978191697,2,40mm,1.3836948
SubEnsembleTTA,minbias,-1,test,39.162704,37.46690646537476,-0.04330135074798347,2,40mm,3.9795535
SubEnsembleTTA,minbias,-1,test,2.7765713,2.836628869577935,0.021630129340043824,4,120mm,0.59913445
SubEnsembleTTA,minbias,-1,test,4.811828,4.692063136694262,-0.024889708516966036,3,60mm,0.9816196
SubEnsembleTTA,minbias,-1,test,30.874245,30.55842489852802,-0.010229231341043254,3,60mm,4.7032256
SubEnsembleTTA,minbias,-1,test,75.23346,75.13885860581951,-0.0012574307694985798,0,15mm,1.5539607
SubEnsembleTTA,minbias,-1,test,15.000183,21.727840463803357,0.44850501564089873,1,30mm,0.6956669
SubEnsembleTTA,minbias,-1,test,40.99318,38.79027148392079,-0.053738399261562764,0,15mm,1.0869051
SubEnsembleTTA,minbias,-1,test,21.35329,21.026181599612865,-0.015318901663520679,3,60mm,3.887992
SubEnsembleTTA,minbias,-1,test,42.045174,43.60357164426278,0.037064848688711516,1,30mm,1.6248257
SubEnsembleTTA,minbias,-1,test,22.151123,22.10162593817031,-0.0022345191528188035,2,40mm,2.2669287
SubEnsembleTTA,minbias,-1,test,20.165255,20.19906613544694,0.0016767228202190232,3,60mm,4.4999824
SubEnsembleTTA,minbias,-1,test,38.510323,37.06406223087248,-0.037555134399857804,2,40mm,4.1336703
SubEnsembleTTA,minbias,-1,test,18.096064,18.50205999447932,0.02243561855496856,4,120mm,4.1473565
SubEnsembleTTA,minbias,-1,test,51.878937,52.365051060029614,0.009370166829542503,0,15mm,1.7796688
SubEnsembleTTA,minbias,-1,test,7.907315,7.7409887909175366,-0.02103444609700511,3,60mm,1.3766963
SubEnsembleTTA,minbias,-1,test,26.091667,26.210122923326026,0.004539983866773678,3,60mm,3.7405584
SubEnsembleTTA,minbias,-1,test,11.375207,11.642314799304915,0.023481581760675496,4,120mm,2.468486
SubEnsembleTTA,minbias,-1,test,19.651356,19.72012806675435,0.0034996223285619354,2,40mm,1.7625145
SubEnsembleTTA,minbias,-1,test,21.65241,22.598215546706484,0.043681281545522976,2,40mm,3.2164567
SubEnsembleTTA,minbias,-1,test,29.215883,29.683687748277215,0.016011992147873633,3,60mm,3.247243
SubEnsembleTTA,minbias,-1,test,15.269495,15.242794053091824,-0.0017486470420933209,3,60mm,2.6540227
SubEnsembleTTA,minbias,-1,test,62.736546,72.20015634735717,0.15084685807490428,1,30mm,3.7432828
SubEnsembleTTA,minbias,-1,test,8.128485,8.21217815247702,0.010296313439288385,4,120mm,1.666255
SubEnsembleTTA,minbias,-1,test,43.6524,43.22785063028188,-0.009725704216462572,2,40mm,4.5914087
SubEnsembleTTA,minbias,-1,test,4.140775,4.280155381431596,0.03366040677650317,3,60mm,0.61486053
SubEnsembleTTA,minbias,-1,test,35.854485,37.12694886065754,0.035489683319528176,2,40mm,4.472763
SubEnsembleTTA,minbias,-1,test,25.240896,26.69270110302379,0.05751796073752957,2,40mm,1.5590286
SubEnsembleTTA,minbias,-1,test,19.744253,20.221663374481285,0.02417970495403332,4,120mm,4.5259414
SubEnsembleTTA,minbias,-1,test,44.494663,51.47614687828735,0.15690609011547907,0,15mm,1.3560386
SubEnsembleTTA,minbias,-1,test,11.938273,12.153494071021102,0.018027786213372865,2,40mm,1.5253975
SubEnsembleTTA,minbias,-1,test,46.802517,46.19197737210716,-0.013045015633821544,3,60mm,4.6642156
SubEnsembleTTA,minbias,-1,test,19.489443,20.430648432132518,0.04829309976950591,1,30mm,1.5168517
SubEnsembleTTA,minbias,-1,test,14.934618,15.734710090784839,0.05357298692017087,2,40mm,1.7869762
SubEnsembleTTA,minbias,-1,test,20.337788,19.816746592338323,-0.0256193567049402,3,60mm,3.1253529
SubEnsembleTTA,minbias,-1,test,43.068367,41.66570702722748,-0.03256821827082357,2,40mm,4.413784
SubEnsembleTTA,minbias,-1,test,12.934719,13.027623365030264,0.007182550987107517,3,60mm,2.0514178
SubEnsembleTTA,minbias,-1,test,20.723816,20.43869783775936,-0.013757991353425258,3,60mm,4.1582546
SubEnsembleTTA,minbias,-1,test,29.974876,29.91939175300799,-0.0018510385181622624,3,60mm,3.7567554
SubEnsembleTTA,minbias,-1,test,50.932674,49.390474931226386,-0.03027917726015983,0,15mm,2.2119818
SubEnsembleTTA,minbias,-1,test,63.423454,66.30045327047236,0.04536175170925505,0,15mm,2.8228178
SubEnsembleTTA,minbias,-1,test,34.914368,31.211843160017633,-0.10604587057527937,3,60mm,4.7532988
SubEnsembleTTA,minbias,-1,test,77.19127,77.73729249433312,0.007073644222563846,1,30mm,4.569089
SubEnsembleTTA,minbias,-1,test,43.367165,42.92791617653858,-0.010128594737737195,1,30mm,1.8428439
SubEnsembleTTA,minbias,-1,test,63.948277,63.77665822530466,-0.0026837047659550306,0,15mm,1.9372469
SubEnsembleTTA,minbias,-1,test,19.590334,19.125342667265006,-0.023735750130193467,4,120mm,4.0967484
SubEnsembleTTA,minbias,-1,test,7.1345344,7.678733687097119,0.07627678286166129,3,60mm,1.1982208
SubEnsembleTTA,minbias,-1,test,39.68151,39.15538613166333,-0.013258688526758933,1,30mm,3.505671
SubEnsembleTTA,minbias,-1,test,54.87649,63.92982442446069,0.16497652496856197,0,15mm,2.0282109
SubEnsembleTTA,minbias,-1,test,7.383108,7.047557477250087,-0.045448428421870135,3,60mm,1.3784578
SubEnsembleTTA,minbias,-1,test,28.559471,28.914838898683257,0.012443079449543815,2,40mm,1.8692106
SubEnsembleTTA,minbias,-1,test,74.32687,85.8296311899156,0.15475906392584915,1,30mm,3.285645
SubEnsembleTTA,minbias,-1,test,32.07826,31.23803509042274,-0.02619292514287408,3,60mm,3.9340475
SubEnsembleTTA,minbias,-1,test,74.16247,72.6327487726254,-0.02062659490800567,0,15mm,2.5612895
SubEnsembleTTA,minbias,-1,test,47.004257,48.125193501702164,0.023847548419560827,2,40mm,4.49285
SubEnsembleTTA,minbias,-1,test,7.307049,7.060100532276056,-0.033795896561170435,2,40mm,0.6872643
SubEnsembleTTA,minbias,-1,test,21.934786,21.180215610637767,-0.03440061998609123,3,60mm,2.4548595
SubEnsembleTTA,minbias,-1,test,44.333794,43.23790574974385,-0.024719019069027404,2,40mm,4.130933
SubEnsembleTTA,minbias,-1,test,5.166027,5.026286240906234,-0.027049960504781034,2,40mm,0.60287935
SubEnsembleTTA,minbias,-1,test,47.402645,35.45606479256238,-0.252023495535446,0,15mm,1.2834971
SubEnsembleTTA,minbias,-1,test,7.3063703,7.40815387945014,0.013930805245296662,3,60mm,1.1667454
SubEnsembleTTA,minbias,-1,test,7.15618,6.9610919233381106,-0.027261469693491525,3,60mm,1.2509962
SubEnsembleTTA,minbias,-1,test,15.715574,15.73089723531289,0.0009750181907834943,2,40mm,1.353304
SubEnsembleTTA,minbias,-1,test,24.373962,24.85960394595348,0.019924603787976336,3,60mm,2.8189013
SubEnsembleTTA,minbias,-1,test,21.724525,20.380072672239137,-0.06188640494875697,3,60mm,3.103712
SubEnsembleTTA,minbias,-1,test,36.99606,36.52507735813562,-0.012730600691038596,2,40mm,3.7675402
SubEnsembleTTA,minbias,-1,test,15.995914,16.59422052086345,0.037403679743345464,1,30mm,0.8621908
SubEnsembleTTA,minbias,-1,test,57.00578,55.9971589324461,-0.01769329964245525,2,40mm,3.5753334
SubEnsembleTTA,minbias,-1,test,40.7401,41.233229398847,0.012104254231934286,1,30mm,2.3697884
SubEnsembleTTA,minbias,-1,test,14.601723,15.109560294900561,0.034779291967669046,2,40mm,1.2445254
SubEnsembleTTA,minbias,-1,test,8.422167,8.209859483962934,-0.025208161368200366,3,60mm,1.0726025
SubEnsembleTTA,minbias,-1,test,23.32534,23.524849992988308,0.00855334668966412,2,40mm,1.8363205
SubEnsembleTTA,minbias,-1,test,5.8495946,6.41897069149255,0.09733599301413554,3,60mm,1.40555
SubEnsembleTTA,minbias,-1,test,21.907845,22.151537816602413,0.011123562277520538,3,60mm,3.4785101
SubEnsembleTTA,minbias,-1,test,81.54942,80.56142863302068,-0.012115285991837976,0,15mm,1.7484047
SubEnsembleTTA,minbias,-1,test,9.461967,9.273560734185338,-0.01991200400005111,2,40mm,1.1439512
SubEnsembleTTA,minbias,-1,test,32.102448,32.23361191609506,0.00408580704912076,3,60mm,3.773974
SubEnsembleTTA,minbias,-1,test,34.032715,34.395898772316905,0.010671612013156917,2,40mm,2.60585
SubEnsembleTTA,minbias,-1,test,23.813248,21.705582433203165,-0.0885080974978597,0,15mm,1.137115
SubEnsembleTTA,minbias,-1,test,13.643239,12.96724194754963,-0.04954813682412229,3,60mm,1.5081565
SubEnsembleTTA,minbias,-1,test,33.748573,30.506155335707714,-0.0960757048418791,2,40mm,4.6751847
SubEnsembleTTA,minbias,-1,test,24.212221,24.014757907747992,-0.00815551934265768,2,40mm,2.6762893
SubEnsembleTTA,minbias,-1,test,7.9189534,7.915999634227693,-0.0003730018788858924,2,40mm,0.7836004
SubEnsembleTTA,minbias,-1,test,63.604954,65.53775155389937,0.030387535460600912,1,30mm,4.157327
SubEnsembleTTA,minbias,-1,test,12.505765,13.396146452354891,0.07119768313826835,3,60mm,2.3670309
SubEnsembleTTA,minbias,-1,test,37.98909,37.558032682410904,-0.011346870477740856,2,40mm,2.6380193
SubEnsembleTTA,minbias,-1,test,25.68458,25.411232666487894,-0.010642462690053534,3,60mm,4.5052476
SubEnsembleTTA,minbias,-1,test,5.553461,5.666849354690718,0.020417587939086435,3,60mm,0.79049695
SubEnsembleTTA,minbias,-1,test,26.325,24.633352435443527,-0.06426014353159837,2,40mm,2.0429766
SubEnsembleTTA,minbias,-1,test,23.59175,23.047418675736544,-0.02307291888931806,2,40mm,2.7314808
SubEnsembleTTA,minbias,-1,test,14.228415,14.113574438616602,-0.008071180145837742,3,60mm,2.2478495
SubEnsembleTTA,minbias,-1,test,38.62345,36.86881808009799,-0.045429217141452316,2,40mm,4.977534
SubEnsembleTTA,minbias,-1,test,22.303286,21.715101793242425,-0.02637206984182161,4,120mm,4.7828493
SubEnsembleTTA,minbias,-1,test,20.824934,21.348560394111768,0.025144203973477275,2,40mm,2.96016
SubEnsembleTTA,minbias,-1,test,10.4975605,11.339511445167979,0.08020443835319946,1,30mm,0.51155686
SubEnsembleTTA,minbias,-1,test,17.157446,17.12779875498495,-0.0017279467333014553,3,60mm,2.1102612
SubEnsembleTTA,minbias,-1,test,19.384642,19.812426138464936,0.02206821765956124,3,60mm,2.9182782
SubEnsembleTTA,minbias,-1,test,53.713264,55.70287023590739,0.03704123721356578,0,15mm,2.4729397
SubEnsembleTTA,minbias,-1,test,59.742146,49.07745467479282,-0.17851201639042036,1,30mm,2.9124649
SubEnsembleTTA,minbias,-1,test,15.534274,14.861984908333882,-0.04327779904881601,4,120mm,3.7313802
SubEnsembleTTA,minbias,-1,test,31.329128,30.93048376955016,-0.012724404345179519,3,60mm,4.0073476
SubEnsembleTTA,minbias,-1,test,66.50089,66.93602387345463,0.006543239000648127,1,30mm,3.333385
SubEnsembleTTA,minbias,-1,test,79.94288,75.10892647601923,-0.060467577904794734,1,30mm,3.1569624
SubEnsembleTTA,minbias,-1,test,26.033094,27.100249005801306,0.04099223023683951,1,30mm,1.4482735
SubEnsembleTTA,minbias,-1,test,19.215929,23.056295764076186,0.1998532949634808,3,60mm,2.5844424
SubEnsembleTTA,minbias,-1,test,33.808357,31.119869607224054,-0.07952139207942555,2,40mm,2.8784513
SubEnsembleTTA,minbias,-1,test,57.840816,60.382102582658966,0.043935861191599423,1,30mm,3.036706
SubEnsembleTTA,minbias,-1,test,37.292824,17.96856591634453,-0.5181763114318485,1,30mm,2.1113362
SubEnsembleTTA,minbias,-1,test,55.185776,55.57375817668026,0.007030478679032726,2,40mm,4.9437757
SubEnsembleTTA,minbias,-1,test,6.4877214,6.126894910754306,-0.05561683490610991,3,60mm,0.79288036
SubEnsembleTTA,minbias,-1,test,13.615519,14.844174234201152,0.09023935870991284,3,60mm,2.7077193
SubEnsembleTTA,minbias,-1,test,29.528254,30.1640539863641,0.02153193482559268,2,40mm,2.4099975
SubEnsembleTTA,minbias,-1,test,24.20165,23.415859872737304,-0.03246847742427017,2,40mm,4.6981025
SubEnsembleTTA,minbias,-1,test,3.5442095,3.2675927830155245,-0.07804750221700385,3,60mm,0.77976
SubEnsembleTTA,minbias,-1,test,12.016397,11.349194860567232,-0.05552434637342363,2,40mm,2.489258
SubEnsembleTTA,minbias,-1,test,48.822033,49.012589569961996,0.003903086988909177,1,30mm,3.1043665
SubEnsembleTTA,minbias,-1,test,24.805254,24.40203567026385,-0.01625535914947096,3,60mm,4.48133
SubEnsembleTTA,minbias,-1,test,25.540533,25.281691969837514,-0.010134522067005158,2,40mm,2.627332
SubEnsembleTTA,minbias,-1,test,64.73724,62.07430658940165,-0.04113454501156677,0,15mm,2.0037355
SubEnsembleTTA,minbias,-1,test,29.316029,29.117406137907583,-0.006775217059830307,3,60mm,4.7809577
SubEnsembleTTA,minbias,-1,test,33.58883,33.20133616747592,-0.011536361466601974,2,40mm,4.2547894
SubEnsembleTTA,minbias,-1,test,32.451572,33.53293756330501,0.03332242675813224,0,15mm,1.4066427
SubEnsembleTTA,minbias,-1,test,11.426944,11.22492918927058,-0.017678794402797515,4,120mm,2.351703
SubEnsembleTTA,minbias,-1,test,74.62229,79.62882800431323,0.06709170054118219,1,30mm,4.461611
SubEnsembleTTA,minbias,-1,test,43.33032,44.04933113090561,0.016593754804552496,2,40mm,2.973291
SubEnsembleTTA,minbias,-1,test,27.582113,26.170136224060943,-0.05119176432616701,3,60mm,4.0489373
SubEnsembleTTA,minbias,-1,test,73.469376,73.40112147271114,-0.0009290148047863545,0,15mm,2.3922884
SubEnsembleTTA,minbias,-1,test,27.0384,26.78095092839719,-0.009521632768134669,3,60mm,3.317051
SubEnsembleTTA,minbias,-1,test,21.96073,24.31275894823264,0.10710160327919271,0,15mm,0.53486043
SubEnsembleTTA,minbias,-1,test,51.826427,50.17162448235623,-0.03192971343909046,2,40mm,4.4827733
SubEnsembleTTA,minbias,-1,test,28.223555,28.32218714073715,0.0034946884221285224,2,40mm,4.4452567
SubEnsembleTTA,minbias,-1,test,18.256943,18.797260220762887,0.029595178073741346,2,40mm,1.6807904
SubEnsembleTTA,minbias,-1,test,19.75626,19.112102979616505,-0.03260520671741873,4,120mm,4.6691732
SubEnsembleTTA,minbias,-1,test,49.161716,49.198859766922624,0.0007555331346151828,1,30mm,3.092656
SubEnsembleTTA,minbias,-1,test,14.826721,16.379521705892873,0.10472986538565565,3,60mm,1.7367194
SubEnsembleTTA,minbias,-1,test,49.87369,50.904088069769344,0.02066012117261984,2,40mm,3.875725
SubEnsembleTTA,minbias,-1,test,13.694337,12.805308829743685,-0.0649193946735449,3,60mm,2.631031
SubEnsembleTTA,minbias,-1,test,18.018599,17.315410843204045,-0.039025660686586416,4,120mm,4.0433164
SubEnsembleTTA,minbias,-1,test,37.203648,36.74710732820182,-0.012271385055200756,2,40mm,4.28628
SubEnsembleTTA,minbias,-1,test,13.261782,13.554868190608213,0.02210008465672253,3,60mm,3.1990695
SubEnsembleTTA,minbias,-1,test,6.103364,5.915985205524298,-0.03070090290245553,2,40mm,0.91409206
SubEnsembleTTA,minbias,-1,test,15.035666,13.871194466404422,-0.0774473151560463,4,120mm,3.5978763
SubEnsembleTTA,minbias,-1,test,17.232944,18.053866259859618,0.04763676758088797,3,60mm,3.093955
SubEnsembleTTA,minbias,-1,test,29.823862,29.637222240285123,-0.0062580706363966065,3,60mm,4.694386
SubEnsembleTTA,minbias,-1,test,20.774893,20.415089397954286,-0.01731914635589349,2,40mm,1.7261523
SubEnsembleTTA,minbias,-1,test,21.352652,20.361267030187296,-0.04642910794575683,4,120mm,4.6661515
SubEnsembleTTA,minbias,-1,test,98.12732,113.05558452096564,0.1521315907338856,1,30mm,4.334992
SubEnsembleTTA,minbias,-1,test,22.719294,22.892463519359307,0.007622152699410689,2,40mm,1.7964408
SubEnsembleTTA,minbias,-1,test,25.403067,24.206491702089618,-0.04710356234657842,2,40mm,4.055192
SubEnsembleTTA,minbias,-1,test,44.17239,42.27309479707187,-0.042997338105122185,0,15mm,1.1653612
SubEnsembleTTA,minbias,-1,test,29.713688,32.04124276580861,0.07833274944428426,2,40mm,4.7272267
SubEnsembleTTA,minbias,-1,test,20.399939,22.377123868237252,0.09692113908983213,3,60mm,3.2975996
SubEnsembleTTA,minbias,-1,test,3.530844,3.4148367556234738,-0.032855379172277654,3,60mm,0.61142164
SubEnsembleTTA,minbias,-1,test,16.181684,16.91526350940409,0.045333909189534616,1,30mm,0.98635477
SubEnsembleTTA,minbias,-1,test,5.171475,4.988582682350525,-0.03536558788762578,2,40mm,0.5214255
SubEnsembleTTA,minbias,-1,test,16.95223,17.02153607102929,0.0040882890147240225,2,40mm,1.4445984
SubEnsembleTTA,minbias,-1,test,16.118814,15.910823524725718,-0.012903612983823032,3,60mm,3.1859686
SubEnsembleTTA,minbias,-1,test,15.178847,14.927222366762011,-0.01657734220377427,3,60mm,2.6842854
SubEnsembleTTA,minbias,-1,test,8.51789,8.597189415342507,0.00930975148303248,2,40mm,0.9040099
SubEnsembleTTA,minbias,-1,test,20.883205,17.709609431866127,-0.1519688150868005,2,40mm,1.7495927
SubEnsembleTTA,minbias,-1,test,11.765675,13.03977995687006,0.10829003946558546,1,30mm,0.8336126
SubEnsembleTTA,minbias,-1,test,51.90217,30.287069388017844,-0.41645849498674536,1,30mm,4.213286
SubEnsembleTTA,minbias,-1,test,42.444683,41.40586661845743,-0.02447459566747956,2,40mm,4.5111904
SubEnsembleTTA,minbias,-1,test,32.001125,30.630376119195006,-0.04283440666911331,3,60mm,4.9260387
SubEnsembleTTA,minbias,-1,test,20.127705,19.843072120521185,-0.014141329337285957,3,60mm,4.2543406
SubEnsembleTTA,minbias,-1,test,4.081346,4.01832322942172,-0.015441671703753324,4,120mm,0.9606635
SubEnsembleTTA,minbias,-1,test,18.167282,17.213430725965587,-0.05250380178170644,2,40mm,1.7438259
SubEnsembleTTA,minbias,-1,test,33.858585,33.16426605774432,-0.020506447407274586,1,30mm,1.7422823
SubEnsembleTTA,minbias,-1,test,94.28954,78.80972236653183,-0.16417325047797748,0,15mm,3.9475465
SubEnsembleTTA,minbias,-1,test,16.095352,15.908651119192491,-0.011599687391369073,3,60mm,3.8423092
SubEnsembleTTA,minbias,-1,test,24.621489,23.998150635387635,-0.025316825746649507,2,40mm,2.493435
SubEnsembleTTA,minbias,-1,test,19.459467,19.394561886146985,-0.0033353970217464557,1,30mm,1.2258575
SubEnsembleTTA,minbias,-1,test,9.273367,11.896016343243675,0.2828152315633943,1,30mm,0.50557876
SubEnsembleTTA,minbias,-1,test,75.78911,76.89867557029883,0.014640194602707046,0,15mm,1.8313735
SubEnsembleTTA,minbias,-1,test,52.358543,51.70512274418322,-0.012479733190263631,2,40mm,4.265746
SubEnsembleTTA,minbias,-1,test,10.256014,11.42352450880698,0.11383668678097103,2,40mm,0.7291382
SubEnsembleTTA,minbias,-1,test,28.262089,30.317599915077306,0.07273033340743851,1,30mm,1.2671274
SubEnsembleTTA,minbias,-1,test,16.15615,17.112043070959906,0.059165841162577726,2,40mm,1.5870843
SubEnsembleTTA,minbias,-1,test,14.295934,14.579189435460973,0.01981372588113217,3,60mm,3.3193843
SubEnsembleTTA,minbias,-1,test,12.375321,12.129728177413126,-0.019845400626507637,2,40mm,1.9644024
SubEnsembleTTA,minbias,-1,test,6.0941596,6.192175354516243,0.016083555039678288,3,60mm,1.0510161
SubEnsembleTTA,minbias,-1,test,21.17417,21.859863150259347,0.03238349483060521,3,60mm,4.397462
SubEnsembleTTA,minbias,-1,test,90.24018,87.30085888392425,-0.03257220956057272,1,30mm,3.8282886
SubEnsembleTTA,minbias,-1,test,45.901962,45.801734118287875,-0.0021835267384339163,2,40mm,4.5872197
SubEnsembleTTA,minbias,-1,test,24.245857,24.611730547515197,0.015090137054862618,3,60mm,3.9877338
SubEnsembleTTA,minbias,-1,test,93.15987,90.78597553898253,-0.02548190425198349,1,30mm,4.996059
SubEnsembleTTA,minbias,-1,test,70.516914,72.2415296580587,0.024456760563724478,0,15mm,1.8579185
SubEnsembleTTA,minbias,-1,test,10.301831,10.031620729022013,-0.026229367377806678,3,60mm,1.9858322
SubEnsembleTTA,minbias,-1,test,48.495228,48.721930046387854,0.0046747328116067965,0,15mm,1.2830894
SubEnsembleTTA,minbias,-1,test,36.657364,36.17916986833095,-0.013044964844844409,2,40mm,4.698772
SubEnsembleTTA,minbias,-1,test,33.450558,33.222443816372156,-0.006819434652011069,2,40mm,2.4519608
SubEnsembleTTA,minbias,-1,test,12.724488,12.990608592140607,0.020914030362196412,3,60mm,1.8387187
SubEnsembleTTA,minbias,-1,test,49.36316,45.87418746742138,-0.07067966820287708,2,40mm,4.193547
SubEnsembleTTA,minbias,-1,test,28.333849,28.26955886401926,-0.0022690206803139823,2,40mm,3.1973038
SubEnsembleTTA,minbias,-1,test,37.30725,39.47945988742689,0.058224845144152715,1,30mm,2.1296206
SubEnsembleTTA,minbias,-1,test,18.114454,17.607606854147576,-0.027980275183754344,1,30mm,0.81642795
SubEnsembleTTA,minbias,-1,test,40.38655,42.54507845579028,0.053446692133655604,3,60mm,4.7032223
SubEnsembleTTA,minbias,-1,test,14.036838,14.222043913646615,0.013194306395583277,3,60mm,2.2337663
SubEnsembleTTA,minbias,-1,test,7.561618,6.538182814064739,-0.13534604066541278,3,60mm,1.5018754
SubEnsembleTTA,minbias,-1,test,5.8247037,5.8633519931636915,0.0066352387706276605,3,60mm,0.8605892
SubEnsembleTTA,minbias,-1,test,89.4931,87.73122252713769,-0.019687332773205224,1,30mm,4.3229003
SubEnsembleTTA,minbias,-1,test,48.229263,45.71002391411661,-0.05223466457659098,1,30mm,3.5196042
SubEnsembleTTA,minbias,-1,test,9.620114,9.674722829621405,0.005676492117568488,3,60mm,1.1026505
SubEnsembleTTA,minbias,-1,test,17.997276,18.387258102694204,0.02166893422692784,2,40mm,1.3903767
SubEnsembleTTA,minbias,-1,test,41.81204,42.20034504961664,0.009286957599868861,2,40mm,3.1911318
SubEnsembleTTA,minbias,-1,test,27.148851,26.525048695057002,-0.022977130432824455,3,60mm,4.316249
SubEnsembleTTA,minbias,-1,test,85.51046,83.76265010303439,-0.02043971929181443,1,30mm,4.7630944
SubEnsembleTTA,minbias,-1,test,62.481876,64.36355138302457,0.030115532998588268,0,15mm,2.0665307
SubEnsembleTTA,minbias,-1,test,12.79429,12.991072948917793,0.015380561665562231,2,40mm,0.90846825
SubEnsembleTTA,minbias,-1,test,86.58742,85.14316038934888,-0.01667975848199721,1,30mm,4.9615993
SubEnsembleTTA,minbias,-1,test,95.568565,94.17168467874939,-0.014616528819016428,0,15mm,4.124034
SubEnsembleTTA,minbias,-1,test,12.720288,12.376360483566131,-0.027037735751394787,4,120mm,2.9518995
SubEnsembleTTA,minbias,-1,test,8.74952,9.351361656251946,0.06878564008909005,2,40mm,0.81891066
SubEnsembleTTA,minbias,-1,test,63.18428,65.73160244341229,0.0403157562602483,1,30mm,4.051992
SubEnsembleTTA,minbias,-1,test,31.288774,31.25706032852038,-0.0010135955259557017,3,60mm,4.3538065
SubEnsembleTTA,minbias,-1,test,19.735851,22.962386562513313,0.16348599447844503,2,40mm,1.6141928
SubEnsembleTTA,minbias,-1,test,42.70781,41.59872086200153,-0.025969222036189232,2,40mm,4.809937
SubEnsembleTTA,minbias,-1,test,63.739727,66.88729589392737,0.04938158697578121,1,30mm,3.4316146
SubEnsembleTTA,minbias,-1,test,29.45873,28.906537166074866,-0.018744647799823877,3,60mm,3.7307243
SubEnsembleTTA,minbias,-1,test,15.744837,18.073262514044014,0.1478850327442407,3,60mm,2.435597
SubEnsembleTTA,minbias,-1,test,19.072214,19.09872681771149,0.0013901213015230507,2,40mm,1.8084862
SubEnsembleTTA,minbias,-1,test,20.721128,19.92979437669318,-0.0381897196591634,2,40mm,1.9166793
SubEnsembleTTA,minbias,-1,test,7.7885942,7.585568154377689,-0.02606710339796603,2,40mm,0.9953662
SubEnsembleTTA,minbias,-1,test,35.97716,35.631674792712175,-0.009602942568081141,3,60mm,4.355955
SubEnsembleTTA,minbias,-1,test,8.185511,8.689773753074443,0.06160435679102916,3,60mm,1.3517947
SubEnsembleTTA,minbias,-1,test,48.588253,48.51240749464008,-0.0015609848447730723,2,40mm,4.7384777
SubEnsembleTTA,minbias,-1,test,78.21764,76.822554895503,-0.017835986557798722,1,30mm,4.965651
SubEnsembleTTA,minbias,-1,test,23.567675,22.87128507504317,-0.029548505422298255,3,60mm,3.3734834
SubEnsembleTTA,minbias,-1,test,49.599014,49.53984635746956,-0.0011929254162256209,2,40mm,3.3911357
SubEnsembleTTA,minbias,-1,test,40.90731,40.282814958235775,-0.015266110633702978,2,40mm,2.7449293
SubEnsembleTTA,minbias,-1,test,20.080488,17.010312142833786,-0.15289349695016474,0,15mm,0.5549322
SubEnsembleTTA,minbias,-1,test,35.24033,34.22251348161252,-0.02888214350598428,3,60mm,4.692756
SubEnsembleTTA,minbias,-1,test,19.174932,19.394242990373343,0.011437355033469432,3,60mm,2.8811872
SubEnsembleTTA,minbias,-1,test,32.819992,33.02310309479936,0.0061886373697090935,2,40mm,4.847007
SubEnsembleTTA,minbias,-1,test,41.34011,54.23226976385558,0.31185593705896997,1,30mm,1.9352672
SubEnsembleTTA,minbias,-1,test,8.120145,8.19765862887497,0.00954586233477639,3,60mm,1.4725572
SubEnsembleTTA,minbias,-1,test,40.652905,38.46778474680167,-0.05375064315840217,3,60mm,4.745445
SubEnsembleTTA,minbias,-1,test,43.97524,41.47942129303519,-0.05675506432976707,2,40mm,4.762623
SubEnsembleTTA,minbias,-1,test,16.686749,16.381383653892115,-0.018299841377825588,3,60mm,2.5445945
SubEnsembleTTA,minbias,-1,test,8.003436,7.812121449571058,-0.02390406281426649,3,60mm,1.7337338
SubEnsembleTTA,minbias,-1,test,24.328447,23.40260557037696,-0.03805593339064928,2,40mm,3.6692395
SubEnsembleTTA,minbias,-1,test,21.317085,20.863302109085907,-0.021287298491446727,3,60mm,4.0092535
SubEnsembleTTA,minbias,-1,test,24.186096,24.436659429467024,0.0103598049093101,3,60mm,4.210975
SubEnsembleTTA,minbias,-1,test,32.03789,31.777212129834652,-0.008136592229129436,2,40mm,2.6571438
SubEnsembleTTA,minbias,-1,test,26.857712,26.08315951590455,-0.028839101487364016,3,60mm,4.8940034
SubEnsembleTTA,minbias,-1,test,11.123297,11.01523996104611,-0.009714455990267434,1,30mm,0.6296462
SubEnsembleTTA,minbias,-1,test,68.68545,66.90361964089387,-0.02594185685364858,0,15mm,2.3352704
SubEnsembleTTA,minbias,-1,test,31.943226,33.17643105232535,0.03860615697085534,1,30mm,1.4179311
SubEnsembleTTA,minbias,-1,test,10.120307,9.568896336468198,-0.0544855639188383,3,60mm,2.360049
SubEnsembleTTA,minbias,-1,test,13.943879,26.100102542379226,0.8717963849026957,0,15mm,0.68579584
SubEnsembleTTA,minbias,-1,test,6.4590096,5.584670373244466,-0.13536738940791315,3,60mm,0.7506846
SubEnsembleTTA,minbias,-1,test,42.664894,27.843523871857563,-0.3473902969503778,2,40mm,4.804781
SubEnsembleTTA,minbias,-1,test,31.425667,30.830154429210804,-0.018949872519463118,3,60mm,3.6018372
SubEnsembleTTA,minbias,-1,test,9.307015,9.48868635819939,0.019519784916445015,3,60mm,1.0578445
SubEnsembleTTA,minbias,-1,test,15.890121,15.912628401318205,0.0014164109074923381,3,60mm,2.5310419
SubEnsembleTTA,minbias,-1,test,93.4902,92.7495353149727,-0.007922337773771826,1,30mm,3.697206
SubEnsembleTTA,minbias,-1,test,18.912123,17.72606738456309,-0.06271402523309311,3,60mm,2.2221246
SubEnsembleTTA,minbias,-1,test,11.763546,12.147720474913157,0.03265805100348329,3,60mm,1.4784935
SubEnsembleTTA,minbias,-1,test,57.36118,59.272328063208704,0.03331780714759436,2,40mm,4.86989
SubEnsembleTTA,minbias,-1,test,7.493661,8.817290588399338,0.1766332470212777,2,40mm,0.9946769
SubEnsembleTTA,minbias,-1,test,18.504799,18.486599569539347,-0.0009834918893103506,4,120mm,4.1418447
SubEnsembleTTA,minbias,-1,test,40.530773,40.9784100930041,0.011044371849602275,1,30mm,2.0745964
SubEnsembleTTA,minbias,-1,test,64.09355,65.1345630263989,0.016242061238437966,0,15mm,2.8549948
SubEnsembleTTA,minbias,-1,test,53.045914,56.87260587622161,0.07213924529308757,1,30mm,3.6340482
SubEnsembleTTA,minbias,-1,test,12.52373,11.501695276705705,-0.08160787390188129,3,60mm,1.6392174
SubEnsembleTTA,minbias,-1,test,20.11543,21.503300904814676,0.06899529443356056,3,60mm,3.4354806
SubEnsembleTTA,minbias,-1,test,54.716846,54.408016640316525,-0.005644145189168892,1,30mm,2.4659402
SubEnsembleTTA,minbias,-1,test,13.017526,12.882843206014078,-0.010346241696205905,3,60mm,1.9253049
SubEnsembleTTA,minbias,-1,test,23.937468,20.4869242166527,-0.14414822067534372,2,40mm,1.3953016
SubEnsembleTTA,minbias,-1,test,11.687288,11.106739613310753,-0.04967351338212411,2,40mm,1.9434431
SubEnsembleTTA,minbias,-1,test,17.949343,17.619703548839116,-0.01836497212313082,3,60mm,3.6640472
SubEnsembleTTA,minbias,-1,test,34.714478,34.41071308793307,-0.008750367934750591,1,30mm,3.5636494
SubEnsembleTTA,minbias,-1,test,4.20148,5.369935815210324,0.27810579318094764,3,60mm,0.99925566
SubEnsembleTTA,minbias,-1,test,25.256903,23.301821225563113,-0.0774078077890814,3,60mm,4.858956
SubEnsembleTTA,minbias,-1,test,30.937866,30.212850167775255,-0.02343458460318537,2,40mm,2.9427333
SubEnsembleTTA,minbias,-1,test,20.316576,19.791903872412096,-0.025824830498613283,3,60mm,3.9942932
SubEnsembleTTA,minbias,-1,test,4.517891,4.793353279024263,0.06097144732039039,4,120mm,1.0670989
SubEnsembleTTA,minbias,-1,test,96.72003,100.60648336258443,0.04018248913337508,1,30mm,4.5511017
SubEnsembleTTA,minbias,-1,test,24.906088,25.116861943432056,0.008462752926938544,2,40mm,3.6304574
SubEnsembleTTA,minbias,-1,test,35.308865,37.26083755946746,0.05528280188087997,2,40mm,2.181134
SubEnsembleTTA,minbias,-1,test,13.96626,15.189115462532417,0.08755783652843285,1,30mm,0.70959157
SubEnsembleTTA,minbias,-1,test,97.61466,93.11507223983247,-0.04609543106057734,0,15mm,2.9497151
SubEnsembleTTA,minbias,-1,test,19.176271,18.700054576794216,-0.024833652534030803,4,120mm,4.234439
SubEnsembleTTA,minbias,-1,test,80.58072,79.50975088706099,-0.01329062485974486,1,30mm,4.075612
SubEnsembleTTA,minbias,-1,test,17.208036,16.769305133333443,-0.02549572063995309,0,15mm,0.8759988
SubEnsembleTTA,minbias,-1,test,8.483067,9.252720655967542,0.09072828696926871,2,40mm,1.1953028
SubEnsembleTTA,minbias,-1,test,62.115997,60.53455943564178,-0.02545942989219907,1,30mm,4.496664
SubEnsembleTTA,minbias,-1,test,3.2131567,3.031030957893458,-0.05668125125463319,3,60mm,0.6597556
SubEnsembleTTA,minbias,-1,test,21.388775,21.36471376032184,-0.0011249410800066029,3,60mm,4.5043426
SubEnsembleTTA,minbias,-1,test,88.60165,86.28271510606795,-0.02617255334276758,1,30mm,4.118196
SubEnsembleTTA,minbias,-1,test,16.567022,15.900229691825018,-0.040248188163130916,4,120mm,3.9169643
SubEnsembleTTA,minbias,-1,test,22.948145,17.632569069648955,-0.23163422853079718,1,30mm,1.1643349
SubEnsembleTTA,minbias,-1,test,20.556622,19.226335036762038,-0.06471328527491815,3,60mm,4.0870223
SubEnsembleTTA,minbias,-1,test,31.068197,30.507420273008027,-0.018049871797810035,3,60mm,4.208819
SubEnsembleTTA,minbias,-1,test,17.023703,16.61014459923194,-0.024293071338469696,3,60mm,3.131859
SubEnsembleTTA,minbias,-1,test,3.8158882,3.760924662254256,-0.01440385613418338,3,60mm,0.6094304
SubEnsembleTTA,minbias,-1,test,17.180048,16.54094560678236,-0.037200267573319845,3,60mm,2.606272
SubEnsembleTTA,minbias,-1,test,78.1217,79.13631092935161,0.012987614235247857,1,30mm,4.6379976
SubEnsembleTTA,minbias,-1,test,20.4112,19.88908734178064,-0.025579693449106156,3,60mm,3.7538223
SubEnsembleTTA,minbias,-1,test,20.893578,26.40451189117992,0.2637621199880136,0,15mm,0.75601333
SubEnsembleTTA,minbias,-1,test,56.4581,58.44575641760711,0.03520587966510047,0,15mm,1.6289206
SubEnsembleTTA,minbias,-1,test,8.84772,8.402810254118696,-0.05028525820322571,3,60mm,1.5730735
SubEnsembleTTA,minbias,-1,test,28.775341,31.5407515462151,0.09610348350062048,2,40mm,3.3657038
SubEnsembleTTA,minbias,-1,test,11.017131,10.715122678546685,-0.02741259745962532,3,60mm,2.0104702
SubEnsembleTTA,minbias,-1,test,16.03522,15.941860992597892,-0.005822071952133245,4,120mm,3.4268317
SubEnsembleTTA,minbias,-1,test,24.134256,22.48708718824913,-0.0682502559804149,0,15mm,1.1567748
SubEnsembleTTA,minbias,-1,test,25.573582,24.439740120552656,-0.04433644017885019,3,60mm,4.508241
SubEnsembleTTA,minbias,-1,test,56.72485,59.44178218576437,0.047896689002460135,1,30mm,4.9647355
SubEnsembleTTA,minbias,-1,test,16.321224,15.637585884318153,-0.04188646142111174,3,60mm,2.7726178
SubEnsembleTTA,minbias,-1,test,50.11565,50.684021921593136,0.01134120264994598,1,30mm,2.6497662
SubEnsembleTTA,minbias,-1,test,22.29603,21.760629888318558,-0.02401325057273329,3,60mm,4.0078197
SubEnsembleTTA,minbias,-1,test,22.930334,23.97128184840216,0.04539610077533651,0,15mm,0.7821188
SubEnsembleTTA,minbias,-1,test,9.820654,9.306040923248393,-0.05240109228873524,2,40mm,0.92466855
SubEnsembleTTA,minbias,-1,test,6.5780206,6.1028057980940265,-0.07224282279433358,3,60mm,1.4995093
SubEnsembleTTA,minbias,-1,test,24.824123,22.918712923434143,-0.07675640463792599,2,40mm,1.6895959
SubEnsembleTTA,minbias,-1,test,14.0265665,13.878587533347469,-0.01054990699451297,3,60mm,2.43307
SubEnsembleTTA,minbias,-1,test,15.553685,15.45586856744623,-0.006288967512396937,1,30mm,0.6559739
SubEnsembleTTA,minbias,-1,test,21.085825,20.503798559837428,-0.027602733472360752,3,60mm,4.4297023
SubEnsembleTTA,minbias,-1,test,4.3483233,4.330426826406359,-0.004115728605552649,3,60mm,0.7728357
SubEnsembleTTA,minbias,-1,test,56.91467,67.36243395091756,0.18356893031012822,1,30mm,3.49755
SubEnsembleTTA,minbias,-1,test,24.779467,24.21174151229306,-0.02291111125330636,3,60mm,3.9914272
SubEnsembleTTA,minbias,-1,test,72.94624,71.94665269738604,-0.013703112644551929,0,15mm,2.6384206
SubEnsembleTTA,minbias,-1,test,20.936195,21.479660475235217,0.02595815963711523,3,60mm,3.202999
SubEnsembleTTA,minbias,-1,test,67.97033,57.18010508629744,-0.1587490352324139,1,30mm,3.1322112
SubEnsembleTTA,minbias,-1,test,14.779753,14.768667412407927,-0.0007500341255251008,3,60mm,3.10459
SubEnsembleTTA,minbias,-1,test,89.514984,89.17131716121345,-0.0038392116468850546,0,15mm,2.7063143
SubEnsembleTTA,minbias,-1,test,27.15303,25.891185690296048,-0.04647159771236886,2,40mm,2.6641226
SubEnsembleTTA,minbias,-1,test,57.229458,61.136094405817595,0.06826268668271762,2,40mm,4.9334154
SubEnsembleTTA,minbias,-1,test,11.410122,11.081893464515488,-0.028766428227138152,3,60mm,2.6763597
SubEnsembleTTA,minbias,-1,test,17.561495,17.498784380068333,-0.0035709059974093904,4,120mm,3.9597266
SubEnsembleTTA,minbias,-1,test,10.620704,10.321203681223492,-0.028199639545534727,4,120mm,2.2833645
SubEnsembleTTA,minbias,-1,test,11.68691,11.37467012853622,-0.026717032622735948,3,60mm,1.678796
SubEnsembleTTA,minbias,-1,test,12.852085,12.70569758824592,-0.011390177079158459,3,60mm,2.228104
SubEnsembleTTA,minbias,-1,test,32.256645,31.937417001083034,-0.009896509681905474,2,40mm,2.9920096
SubEnsembleTTA,minbias,-1,test,6.989393,6.915400899598043,-0.010586374549978461,2,40mm,0.5347129
SubEnsembleTTA,minbias,-1,test,13.6504345,13.755337342297091,0.007684945730079384,3,60mm,2.1378284
SubEnsembleTTA,minbias,-1,test,17.388384,17.748164816313313,0.020690879252652783,2,40mm,1.8803651
SubEnsembleTTA,minbias,-1,test,18.056078,19.778815469216426,0.09541039400423079,3,60mm,2.3273056
SubEnsembleTTA,minbias,-1,test,3.449108,3.435646158805376,-0.0039029589687461508,3,60mm,0.83098865
SubEnsembleTTA,minbias,-1,test,41.777554,41.227550442250404,-0.013165038860665446,2,40mm,4.9599757
SubEnsembleTTA,minbias,-1,test,26.248537,27.46833834438757,0.04647121010338329,3,60mm,3.2389696
SubEnsembleTTA,minbias,-1,test,13.706838,14.258078414735577,0.040216479871735045,3,60mm,2.44282
SubEnsembleTTA,minbias,-1,test,3.3325531,3.4882982578809454,0.04673447134433828,3,60mm,0.7253643
SubEnsembleTTA,minbias,-1,test,29.736689,29.127711879596244,-0.020478969336581443,2,40mm,2.7220104
SubEnsembleTTA,minbias,-1,test,6.4264736,6.024164637891216,-0.06260182544959036,3,60mm,1.2832383
SubEnsembleTTA,minbias,-1,test,13.306862,14.278581237007375,0.0730239306994902,2,40mm,1.5415756
SubEnsembleTTA,minbias,-1,test,15.006657,14.971442649000444,-0.0023465585011400725,3,60mm,2.7404988
SubEnsembleTTA,minbias,-1,test,14.196672,14.756513002991019,0.039434632714014706,3,60mm,1.7604631
SubEnsembleTTA,minbias,-1,test,17.343555,15.645476727031468,-0.09790833997448656,1,30mm,0.92940956
SubEnsembleTTA,minbias,-1,test,91.62086,92.18148789222212,0.006119028683518657,0,15mm,2.548416
SubEnsembleTTA,minbias,-1,test,9.73429,9.36214676504459,-0.03823014860246432,3,60mm,1.794804
SubEnsembleTTA,minbias,-1,test,32.902847,30.77576991742157,-0.06464721286481001,1,30mm,2.0745068
SubEnsembleTTA,minbias,-1,test,34.685043,34.79351436846143,0.0031273143427548167,3,60mm,3.9360769
SubEnsembleTTA,minbias,-1,test,17.496946,17.48830009058068,-0.0004941573285260903,3,60mm,2.6595724
SubEnsembleTTA,minbias,-1,test,54.071674,53.0635773419381,-0.018643717198727372,2,40mm,4.9156094
SubEnsembleTTA,minbias,-1,test,4.145993,4.029012352824971,-0.028215405413272943,3,60mm,0.9800835
SubEnsembleTTA,minbias,-1,test,31.868397,31.07315517483277,-0.024953925050371972,2,40mm,2.370011
SubEnsembleTTA,minbias,-1,test,12.449815,12.76462691425491,0.02528649003654082,1,30mm,0.8358303
SubEnsembleTTA,minbias,-1,test,9.6316805,10.76809086420631,0.11798671861743482,1,30mm,0.6985937
SubEnsembleTTA,minbias,-1,test,34.231915,32.78241777462049,-0.04234343202700941,2,40mm,4.3656754
SubEnsembleTTA,minbias,-1,test,48.385784,46.49170092102627,-0.0391454486364079,0,15mm,2.4061024
SubEnsembleTTA,minbias,-1,test,43.85183,42.61389317994025,-0.028229981785710456,2,40mm,3.8878772
SubEnsembleTTA,minbias,-1,test,10.40015,10.327868722004942,-0.006950051200103502,3,60mm,2.4888299
SubEnsembleTTA,minbias,-1,test,34.268246,32.82487241011142,-0.04211984761844756,3,60mm,4.2680173
SubEnsembleTTA,minbias,-1,test,16.048985,16.086205409543496,0.002319204800255381,2,40mm,1.7088914
SubEnsembleTTA,minbias,-1,test,93.92785,93.41239413271197,-0.00548777268620515,0,15mm,2.7104678
SubEnsembleTTA,minbias,-1,test,17.816637,17.831318296505096,0.0008240195547699614,3,60mm,4.048433
SubEnsembleTTA,minbias,-1,test,12.32337,17.531106309461286,0.4225902766949732,0,15mm,0.562013
SubEnsembleTTA,minbias,-1,test,31.514753,31.502277322609565,-0.00039587868354795663,2,40mm,4.0290976
SubEnsembleTTA,minbias,-1,test,3.7141237,3.9155402830552286,0.05422989970959846,3,60mm,0.7862314
SubEnsembleTTA,minbias,-1,test,27.988276,27.50197105334997,-0.017375292526273123,3,60mm,4.3484964
SubEnsembleTTA,minbias,-1,test,21.224056,21.40026972349699,0.00830253546143811,2,40mm,3.4566824
SubEnsembleTTA,minbias,-1,test,10.186577,10.113178328474701,-0.007205415117991221,3,60mm,1.4211892
SubEnsembleTTA,minbias,-1,test,39.819378,38.82227714438742,-0.025040590973252952,1,30mm,2.6184938
SubEnsembleTTA,minbias,-1,test,14.128316,14.089990814283881,-0.0027126454077109896,3,60mm,2.021492
SubEnsembleTTA,minbias,-1,test,46.36293,45.496765004785225,-0.018682281027143643,0,15mm,1.2883817
SubEnsembleTTA,minbias,-1,test,54.605247,53.81831462645368,-0.014411304905084465,2,40mm,4.464326
SubEnsembleTTA,minbias,-1,test,42.906837,41.853357977523906,-0.02455271812456805,1,30mm,1.8172399
SubEnsembleTTA,minbias,-1,test,5.8094015,6.258868707666419,0.07736893285490787,3,60mm,1.3584633
SubEnsembleTTA,minbias,-1,test,54.30803,54.998531149979115,0.012714546737681465,0,15mm,1.9009476
SubEnsembleTTA,minbias,-1,test,20.533527,21.204542107769182,0.03267898015138471,2,40mm,1.8742261
SubEnsembleTTA,minbias,-1,test,60.597084,62.31844388011489,0.028406644673113046,0,15mm,2.8148336
SubEnsembleTTA,minbias,-1,test,56.957855,64.2855905500639,0.12865188298537755,0,15mm,1.3113045
SubEnsembleTTA,minbias,-1,test,37.887367,36.59985947233044,-0.03398250841128314,1,30mm,2.184449
SubEnsembleTTA,minbias,-1,test,42.149464,44.02587672331592,0.044518077031160175,1,30mm,2.8031783
SubEnsembleTTA,minbias,-1,test,5.320361,5.057554853626287,-0.049396324230119415,2,40mm,0.96413374
SubEnsembleTTA,minbias,-1,test,68.55535,77.4918940773662,0.13035514596808695,0,15mm,2.2485096
SubEnsembleTTA,minbias,-1,test,70.53633,68.05224798273649,-0.03521707398980578,0,15mm,3.2748957
SubEnsembleTTA,minbias,-1,test,33.777683,35.125169213609745,0.039892787946956165,1,30mm,2.1693416
SubEnsembleTTA,minbias,-1,test,7.191755,6.9103081781875115,-0.03913462665220091,3,60mm,1.2602288
SubEnsembleTTA,minbias,-1,test,49.640583,48.909613050038935,-0.014725249857092226,2,40mm,4.337719
SubEnsembleTTA,minbias,-1,test,17.163368,17.779845739388154,0.035918212917499304,3,60mm,1.8758436
SubEnsembleTTA,minbias,-1,test,4.4049997,4.876389409612846,0.10701241889149915,4,120mm,0.9987399
SubEnsembleTTA,minbias,-1,test,47.739788,48.99009966903279,0.02619013750462007,2,40mm,4.509261
SubEnsembleTTA,minbias,-1,test,63.44369,64.00948925560769,0.008918112908711251,0,15mm,1.96089
SubEnsembleTTA,minbias,-1,test,14.875779,14.621612136403826,-0.017085963223642864,1,30mm,0.8657533
SubEnsembleTTA,minbias,-1,test,95.1482,90.1711873337321,-0.05230801637147997,1,30mm,3.8057418
SubEnsembleTTA,minbias,-1,test,20.836433,20.110529990959822,-0.03483818009438566,3,60mm,2.870881
SubEnsembleTTA,minbias,-1,test,42.45294,42.226107156554825,-0.005343204212795549,1,30mm,2.6940365
SubEnsembleTTA,minbias,-1,test,84.12997,82.78391619046401,-0.01599965621765076,1,30mm,3.7087855
SubEnsembleTTA,minbias,-1,test,95.77659,89.16974471303435,-0.06898182358050908,0,15mm,2.5877302
SubEnsembleTTA,minbias,-1,test,65.230225,68.98202548816651,0.057516295570938514,1,30mm,3.0121303
SubEnsembleTTA,minbias,-1,test,26.287374,26.214276750129542,-0.0027807168928286607,2,40mm,4.2155504
SubEnsembleTTA,minbias,-1,test,20.994337,20.19924423310127,-0.03787177683705212,2,40mm,1.6912259
SubEnsembleTTA,minbias,-1,test,97.438896,93.1662547862744,-0.04384944370743937,0,15mm,2.757173
SubEnsembleTTA,minbias,-1,test,35.767612,36.67841306472691,0.025464394877893426,0,15mm,1.0943668
SubEnsembleTTA,minbias,-1,test,93.19436,91.90972052102566,-0.013784507140188529,0,15mm,2.0729525
SubEnsembleTTA,minbias,-1,test,48.742695,48.58258411237786,-0.0032848151468776177,0,15mm,1.6203952
SubEnsembleTTA,minbias,-1,test,17.300102,17.458499038962294,0.009155830580313884,3,60mm,2.9492373
SubEnsembleTTA,minbias,-1,test,17.884306,16.911656238483513,-0.05438565622836222,2,40mm,1.33536
SubEnsembleTTA,minbias,-1,test,14.973153,15.140207250998492,0.011156910999587044,4,120mm,3.543126
SubEnsembleTTA,minbias,-1,test,13.4844675,13.372560211523885,-0.008298977681663877,3,60mm,3.021716
SubEnsembleTTA,minbias,-1,test,57.699986,57.19256060193809,-0.008794194622038565,2,40mm,4.926809
SubEnsembleTTA,minbias,-1,test,54.35647,52.75812144772893,-0.029404904436645563,2,40mm,4.9921827
SubEnsembleTTA,minbias,-1,test,13.663023,14.564972936560764,0.06601393717159354,1,30mm,0.7000196
SubEnsembleTTA,minbias,-1,test,51.166416,46.577819729711095,-0.08967984827032816,0,15mm,1.8972375
SubEnsembleTTA,minbias,-1,test,57.798447,55.55312909610939,-0.03884736855569437,2,40mm,4.659905
SubEnsembleTTA,minbias,-1,test,8.796789,8.631238559871171,-0.018819435848012822,4,120mm,1.888836
